Slug,Titlu Produs,Brand,Material,Gama Cromatica,Aplicatie Mobilier,Imagine Raw,Imagine Luxury WebP,Card Prezentare,URL Original Top-Blat
elysee-quartz-alb-coante,Elysee Quartz Alb,Coante,Cuarț Compozit,Alb & Calacatta Gold,Mobilier bucătărie cu fronturi Nuc American & Insulă masivă monolit,elysee-quartz-alb-coante_0.avif,top-blat-assets/luxury/products/elysee-quartz-alb-coante_luxury.webp,top-blat-assets/luxury/cards/elysee-quartz-alb-coante_card.webp,https://top-blat.ro/produs/elysee-quartz-alb-coante/
milet-quartz-coante,Milet Quartz,Coante,Cuarț Compozit,Alb Pur & Cristal,Mobilier scandinav de lux cu riflaje fine din lemn masiv și blat antibacterian,milet-quartz-coante_0.avif,top-blat-assets/luxury/products/milet-quartz-coante_luxury.webp,top-blat-assets/luxury/cards/milet-quartz-coante_card.webp,https://top-blat.ro/produs/milet-quartz-coante/
gaia-quartz-coante,Gaia Quartz,Coante,Cuarț Compozit,Alb Pur & Cristal,Mobilier scandinav de lux cu riflaje fine din lemn masiv și blat antibacterian,gaia-quartz-coante_0.avif,top-blat-assets/luxury/products/gaia-quartz-coante_luxury.webp,top-blat-assets/luxury/cards/gaia-quartz-coante_card.webp,https://top-blat.ro/produs/gaia-quartz-coante/
mystic-blue-quartz-coante,Mystic Blue Quartz,Coante,Cuarț Compozit,Nuanțe Speciale (Bleu / Verde),"Punct de accent pentru bar de cocktail, insulă decorativă sau recepție",mystic-blue-quartz-coante_0.avif,top-blat-assets/luxury/products/mystic-blue-quartz-coante_luxury.webp,top-blat-assets/luxury/cards/mystic-blue-quartz-coante_card.webp,https://top-blat.ro/produs/mystic-blue-quartz-coante/
kalynda-quartz-coante,Kalynda Quartz,Coante,Cuarț Compozit,Alb Pur & Cristal,Mobilier scandinav de lux cu riflaje fine din lemn masiv și blat antibacterian,kalynda-quartz-coante_0.avif,top-blat-assets/luxury/products/kalynda-quartz-coante_luxury.webp,top-blat-assets/luxury/cards/kalynda-quartz-coante_card.webp,https://top-blat.ro/produs/kalynda-quartz-coante/
idyma-quartz-coante,Idyma Quartz,Coante,Cuarț Compozit,Alb Pur & Cristal,Mobilier scandinav de lux cu riflaje fine din lemn masiv și blat antibacterian,idyma-quartz-coante_0.avif,top-blat-assets/luxury/products/idyma-quartz-coante_luxury.webp,top-blat-assets/luxury/cards/idyma-quartz-coante_card.webp,https://top-blat.ro/produs/idyma-quartz-coante/
kaunos-quartz-coante,Kaunos Quartz,Coante,Cuarț Compozit,Alb Pur & Cristal,Mobilier scandinav de lux cu riflaje fine din lemn masiv și blat antibacterian,kaunos-quartz-coante_0.avif,top-blat-assets/luxury/products/kaunos-quartz-coante_luxury.webp,top-blat-assets/luxury/cards/kaunos-quartz-coante_card.webp,https://top-blat.ro/produs/kaunos-quartz-coante/
hygassos-quartz-coante,Hygassos Quartz,Coante,Cuarț Compozit,Alb Pur & Cristal,Mobilier scandinav de lux cu riflaje fine din lemn masiv și blat antibacterian,hygassos-quartz-coante_0.avif,top-blat-assets/luxury/products/hygassos-quartz-coante_luxury.webp,top-blat-assets/luxury/cards/hygassos-quartz-coante_card.webp,https://top-blat.ro/produs/hygassos-quartz-coante/
keramos-quartz-coante,Keramos Quartz,Coante,Cuarț Compozit,Alb Pur & Cristal,Mobilier scandinav de lux cu riflaje fine din lemn masiv și blat antibacterian,keramos-quartz-coante_0.avif,top-blat-assets/luxury/products/keramos-quartz-coante_luxury.webp,top-blat-assets/luxury/cards/keramos-quartz-coante_card.webp,https://top-blat.ro/produs/keramos-quartz-coante/
regulus-quartz-coante,Regulus Quartz,Coante,Cuarț Compozit,Alb Pur & Cristal,Mobilier scandinav de lux cu riflaje fine din lemn masiv și blat antibacterian,regulus-quartz-coante_0.avif,top-blat-assets/luxury/products/regulus-quartz-coante_luxury.webp,top-blat-assets/luxury/cards/regulus-quartz-coante_card.webp,https://top-blat.ro/produs/regulus-quartz-coante/
narcissus-quartz-coante,Narcissus Quartz,Coante,Cuarț Compozit,Alb Pur & Cristal,Mobilier scandinav de lux cu riflaje fine din lemn masiv și blat antibacterian,narcissus-quartz-coante_0.avif,top-blat-assets/luxury/products/narcissus-quartz-coante_luxury.webp,top-blat-assets/luxury/cards/narcissus-quartz-coante_card.webp,https://top-blat.ro/produs/narcissus-quartz-coante/
snow-flake-quartz-coante,Snow Flake Quartz,Coante,Cuarț Compozit,Alb Pur & Cristal,Mobilier scandinav de lux cu riflaje fine din lemn masiv și blat antibacterian,snow-flake-quartz-coante_0.avif,top-blat-assets/luxury/products/snow-flake-quartz-coante_luxury.webp,top-blat-assets/luxury/cards/snow-flake-quartz-coante_card.webp,https://top-blat.ro/produs/snow-flake-quartz-coante/
magnetite-quartz-coante,Magnetite Quartz,Coante,Cuarț Compozit,Alb Pur & Cristal,Mobilier scandinav de lux cu riflaje fine din lemn masiv și blat antibacterian,magnetite-quartz-coante_0.avif,top-blat-assets/luxury/products/magnetite-quartz-coante_luxury.webp,top-blat-assets/luxury/cards/magnetite-quartz-coante_card.webp,https://top-blat.ro/produs/magnetite-quartz-coante/
regina-quartz-coante,Regina Quartz,Coante,Cuarț Compozit,Alb Pur & Cristal,Mobilier scandinav de lux cu riflaje fine din lemn masiv și blat antibacterian,regina-quartz-coante_0.avif,top-blat-assets/luxury/products/regina-quartz-coante_luxury.webp,top-blat-assets/luxury/cards/regina-quartz-coante_card.webp,https://top-blat.ro/produs/regina-quartz-coante/
starlet-quartz-coante,Starlet Quartz,Coante,Cuarț Compozit,Alb Pur & Cristal,Mobilier scandinav de lux cu riflaje fine din lemn masiv și blat antibacterian,starlet-quartz-coante_0.avif,top-blat-assets/luxury/products/starlet-quartz-coante_luxury.webp,top-blat-assets/luxury/cards/starlet-quartz-coante_card.webp,https://top-blat.ro/produs/starlet-quartz-coante/
cosmic-quartz-coante,Cosmic Quartz,Coante,Cuarț Compozit,Alb Pur & Cristal,Mobilier scandinav de lux cu riflaje fine din lemn masiv și blat antibacterian,cosmic-quartz-coante_0.avif,top-blat-assets/luxury/products/cosmic-quartz-coante_luxury.webp,top-blat-assets/luxury/cards/cosmic-quartz-coante_card.webp,https://top-blat.ro/produs/cosmic-quartz-coante/
zenit-quartz-coante,Zenit Quartz,Coante,Cuarț Compozit,Alb Pur & Cristal,Mobilier scandinav de lux cu riflaje fine din lemn masiv și blat antibacterian,zenit-quartz-coante_0.avif,top-blat-assets/luxury/products/zenit-quartz-coante_luxury.webp,top-blat-assets/luxury/cards/zenit-quartz-coante_card.webp,https://top-blat.ro/produs/zenit-quartz-coante/
arte-black-quartz-coante,Arte Black Quartz,Coante,Cuarț Compozit,Negru Obsidian & Grafit,Mobilier minimalist cu fronturi negre supermate și iluminare caldă LED integrată,arte-black-quartz-coante_0.avif,top-blat-assets/luxury/products/arte-black-quartz-coante_luxury.webp,top-blat-assets/luxury/cards/arte-black-quartz-coante_card.webp,https://top-blat.ro/produs/arte-black-quartz-coante/
statuario-exclusive-quartz-coante,Statuario Exclusive Quartz,Coante,Cuarț Compozit,Alb & Calacatta Gold,Mobilier bucătărie cu fronturi Nuc American & Insulă masivă monolit,statuario-exclusive-quartz-coante_0.avif,top-blat-assets/luxury/products/statuario-exclusive-quartz-coante_luxury.webp,top-blat-assets/luxury/cards/statuario-exclusive-quartz-coante_card.webp,https://top-blat.ro/produs/statuario-exclusive-quartz-coante/
storia-ultra-quartz-coante,Storia Ultra Quartz,Coante,Cuarț Compozit,Alb Pur & Cristal,Mobilier scandinav de lux cu riflaje fine din lemn masiv și blat antibacterian,storia-ultra-quartz-coante_0.avif,top-blat-assets/luxury/products/storia-ultra-quartz-coante_luxury.webp,top-blat-assets/luxury/cards/storia-ultra-quartz-coante_card.webp,https://top-blat.ro/produs/storia-ultra-quartz-coante/
thunder-ultra-quartz-coante,Thunder Ultra Quartz,Coante,Cuarț Compozit,Alb Pur & Cristal,Mobilier scandinav de lux cu riflaje fine din lemn masiv și blat antibacterian,thunder-ultra-quartz-coante_0.avif,top-blat-assets/luxury/products/thunder-ultra-quartz-coante_luxury.webp,top-blat-assets/luxury/cards/thunder-ultra-quartz-coante_card.webp,https://top-blat.ro/produs/thunder-ultra-quartz-coante/
calacatta-riviera-quartz-coante,Calacatta Riviera Quartz,Coante,Cuarț Compozit,Alb & Calacatta Gold,Mobilier bucătărie cu fronturi Nuc American & Insulă masivă monolit,calacatta-riviera-quartz-coante_0.avif,top-blat-assets/luxury/products/calacatta-riviera-quartz-coante_luxury.webp,top-blat-assets/luxury/cards/calacatta-riviera-quartz-coante_card.webp,https://top-blat.ro/produs/calacatta-riviera-quartz-coante/
calacatta-miranda-quartz-coante,Calacatta Miranda Quartz,Coante,Cuarț Compozit,Alb & Calacatta Gold,Mobilier bucătărie cu fronturi Nuc American & Insulă masivă monolit,calacatta-miranda-quartz-coante_0.avif,top-blat-assets/luxury/products/calacatta-miranda-quartz-coante_luxury.webp,top-blat-assets/luxury/cards/calacatta-miranda-quartz-coante_card.webp,https://top-blat.ro/produs/calacatta-miranda-quartz-coante/
talia-grey-quartz-coante,Talia Grey Quartz,Coante,Cuarț Compozit,Gri Architectural & Beton,"Design industrial rafinat, cadre metalice bronz și vitrine fumurii",talia-grey-quartz-coante_0.avif,top-blat-assets/luxury/products/talia-grey-quartz-coante_luxury.webp,top-blat-assets/luxury/cards/talia-grey-quartz-coante_card.webp,https://top-blat.ro/produs/talia-grey-quartz-coante/
hielo-quartz-coante,Hielo Quartz,Coante,Cuarț Compozit,Alb Pur & Cristal,Mobilier scandinav de lux cu riflaje fine din lemn masiv și blat antibacterian,hielo-quartz-coante_0.avif,top-blat-assets/luxury/products/hielo-quartz-coante_luxury.webp,top-blat-assets/luxury/cards/hielo-quartz-coante_card.webp,https://top-blat.ro/produs/hielo-quartz-coante/
dreamy-quartz-coante,Dreamy Quartz,Coante,Cuarț Compozit,Alb Pur & Cristal,Mobilier scandinav de lux cu riflaje fine din lemn masiv și blat antibacterian,dreamy-quartz-coante_0.avif,top-blat-assets/luxury/products/dreamy-quartz-coante_luxury.webp,top-blat-assets/luxury/cards/dreamy-quartz-coante_card.webp,https://top-blat.ro/produs/dreamy-quartz-coante/
magnificent-quartz-coante,Magnificent Quartz,Coante,Cuarț Compozit,Alb Pur & Cristal,Mobilier scandinav de lux cu riflaje fine din lemn masiv și blat antibacterian,magnificent-quartz-coante_0.avif,top-blat-assets/luxury/products/magnificent-quartz-coante_luxury.webp,top-blat-assets/luxury/cards/magnificent-quartz-coante_card.webp,https://top-blat.ro/produs/magnificent-quartz-coante/
alba-via-quartz-coante,Alba Via Quartz,Coante,Cuarț Compozit,Alb Pur & Cristal,Mobilier scandinav de lux cu riflaje fine din lemn masiv și blat antibacterian,alba-via-quartz-coante_0.avif,top-blat-assets/luxury/products/alba-via-quartz-coante_luxury.webp,top-blat-assets/luxury/cards/alba-via-quartz-coante_card.webp,https://top-blat.ro/produs/alba-via-quartz-coante/
quartz-compozit-calacatta,Quartz Compozit Calacatta,Premium Stone,Cuarț Compozit,Alb & Calacatta Gold,Mobilier bucătărie cu fronturi Nuc American & Insulă masivă monolit,quartz-compozit-calacatta_0.avif,top-blat-assets/luxury/products/quartz-compozit-calacatta_luxury.webp,top-blat-assets/luxury/cards/quartz-compozit-calacatta_card.webp,https://top-blat.ro/produs/quartz-compozit-calacatta/
calacatta-edera-quartz-coante,Calacatta Edera Quartz,Coante,Cuarț Compozit,Alb & Calacatta Gold,Mobilier bucătărie cu fronturi Nuc American & Insulă masivă monolit,calacatta-edera-quartz-coante_0.avif,top-blat-assets/luxury/products/calacatta-edera-quartz-coante_luxury.webp,top-blat-assets/luxury/cards/calacatta-edera-quartz-coante_card.webp,https://top-blat.ro/produs/calacatta-edera-quartz-coante/
calacatta-oro-venato-soft-touch-bm-ceramica-laminam,Calacatta Oro Venato Soft Touch Bm Ceramica,Laminam,Ceramică Sinterizată,Alb & Calacatta Gold,Mobilier bucătărie cu fronturi Nuc American & Insulă masivă monolit,calacatta-oro-venato-soft-touch-bm-ceramica-laminam_0.webp,top-blat-assets/luxury/products/calacatta-oro-venato-soft-touch-bm-ceramica-laminam_luxury.webp,top-blat-assets/luxury/cards/calacatta-oro-venato-soft-touch-bm-ceramica-laminam_card.webp,https://top-blat.ro/produs/calacatta-oro-venato-soft-touch-bm-ceramica-laminam/
diamond-cream-natural-ceramica-laminam,Diamond Cream Natural Ceramica,Laminam,Ceramică Sinterizată,Bej Cald & Nisipiu,Mobilier clasic contemporan din stejar periat natur și canturi bizotate,diamond-cream-natural-ceramica-laminam_0.avif,,,https://top-blat.ro/produs/diamond-cream-natural-ceramica-laminam/
nero-greco-natural-ceramica-laminam,Nero Greco Natural Ceramica,Laminam,Ceramică Sinterizată,Negru Obsidian & Grafit,Mobilier minimalist cu fronturi negre supermate și iluminare caldă LED integrată,nero-greco-natural-ceramica-laminam_0.avif,,,https://top-blat.ro/produs/nero-greco-natural-ceramica-laminam/
noir-desir-natural-ceramica-laminam,Noir Desir Natural Ceramica,Laminam,Ceramică Sinterizată,Alb Pur & Cristal,Mobilier scandinav de lux cu riflaje fine din lemn masiv și blat antibacterian,noir-desir-natural-ceramica-laminam_0.avif,,,https://top-blat.ro/produs/noir-desir-natural-ceramica-laminam/
noir-desir-lucidato-ceramica-laminam,Noir Desir Lucidato Ceramica,Laminam,Ceramică Sinterizată,Alb Pur & Cristal,Mobilier scandinav de lux cu riflaje fine din lemn masiv și blat antibacterian,noir-desir-lucidato-ceramica-laminam_0.avif,top-blat-assets/luxury/products/noir-desir-lucidato-ceramica-laminam_luxury.webp,top-blat-assets/luxury/cards/noir-desir-lucidato-ceramica-laminam_card.webp,https://top-blat.ro/produs/noir-desir-lucidato-ceramica-laminam/
pietra-di-savoia-perla-bocciadato-ceramica-laminam,Pietra Di Savoia Perla Bocciadato Ceramica,Laminam,Ceramică Sinterizată,Alb Pur & Cristal,Mobilier scandinav de lux cu riflaje fine din lemn masiv și blat antibacterian,pietra-di-savoia-perla-bocciadato-ceramica-laminam_0.avif,top-blat-assets/luxury/products/pietra-di-savoia-perla-bocciadato-ceramica-laminam_luxury.webp,top-blat-assets/luxury/cards/pietra-di-savoia-perla-bocciadato-ceramica-laminam_card.webp,https://top-blat.ro/produs/pietra-di-savoia-perla-bocciadato-ceramica-laminam/
sahara-noir-extra-bocciardato-bm-ceramica-laminam,Sahara Noir Extra Bocciardato Bm Ceramica,Laminam,Ceramică Sinterizată,Alb Pur & Cristal,Mobilier scandinav de lux cu riflaje fine din lemn masiv și blat antibacterian,sahara-noir-extra-bocciardato-bm-ceramica-laminam_0.avif,top-blat-assets/luxury/products/sahara-noir-extra-bocciardato-bm-ceramica-laminam_luxury.webp,top-blat-assets/luxury/cards/sahara-noir-extra-bocciardato-bm-ceramica-laminam_card.webp,https://top-blat.ro/produs/sahara-noir-extra-bocciardato-bm-ceramica-laminam/
statuarietto-natural-bm-ceramica-laminam,Statuarietto Natural Bm Ceramica,Laminam,Ceramică Sinterizată,Alb Pur & Cristal,Mobilier scandinav de lux cu riflaje fine din lemn masiv și blat antibacterian,statuarietto-natural-bm-ceramica-laminam_0.avif,,,https://top-blat.ro/produs/statuarietto-natural-bm-ceramica-laminam/
verderame-natural-ceramica-laminam,Verderame Natural Ceramica,Laminam,Ceramică Sinterizată,Nuanțe Speciale (Bleu / Verde),"Punct de accent pentru bar de cocktail, insulă decorativă sau recepție",verderame-natural-ceramica-laminam_0.avif,,,https://top-blat.ro/produs/verderame-natural-ceramica-laminam/
calacatta-oro-venato-lucidato-ceramica-laminam,Calacatta Oro Venato Lucidato Ceramica,Laminam,Ceramică Sinterizată,Alb & Calacatta Gold,Mobilier bucătărie cu fronturi Nuc American & Insulă masivă monolit,calacatta-oro-venato-lucidato-ceramica-laminam_0.webp,top-blat-assets/luxury/products/calacatta-oro-venato-lucidato-ceramica-laminam_luxury.webp,top-blat-assets/luxury/cards/calacatta-oro-venato-lucidato-ceramica-laminam_card.webp,https://top-blat.ro/produs/calacatta-oro-venato-lucidato-ceramica-laminam/
calacatta-michelangelo-soft-touch-ceramica-laminam,Calacatta Michelangelo Soft Touch Ceramica,Laminam,Ceramică Sinterizată,Alb & Calacatta Gold,Mobilier bucătărie cu fronturi Nuc American & Insulă masivă monolit,calacatta-michelangelo-soft-touch-ceramica-laminam_0.avif,,,https://top-blat.ro/produs/calacatta-michelangelo-soft-touch-ceramica-laminam/
calacatta-black-bocciardato-bm-ceramica-laminam,Calacatta Black Bocciardato Bm Ceramica,Laminam,Ceramică Sinterizată,Alb & Calacatta Gold,Mobilier bucătărie cu fronturi Nuc American & Insulă masivă monolit,calacatta-black-bocciardato-bm-ceramica-laminam_0.avif,top-blat-assets/luxury/products/calacatta-black-bocciardato-bm-ceramica-laminam_luxury.webp,top-blat-assets/luxury/cards/calacatta-black-bocciardato-bm-ceramica-laminam_card.webp,https://top-blat.ro/produs/calacatta-black-bocciardato-bm-ceramica-laminam/
tenera-quartz-coante,Tenera Quartz,Coante,Cuarț Compozit,Alb Pur & Cristal,Mobilier scandinav de lux cu riflaje fine din lemn masiv și blat antibacterian,tenera-quartz-coante_0.avif,top-blat-assets/luxury/products/tenera-quartz-coante_luxury.webp,top-blat-assets/luxury/cards/tenera-quartz-coante_card.webp,https://top-blat.ro/produs/tenera-quartz-coante/
crystal-carrara-quartz-coante,Crystal Carrara Quartz,Coante,Cuarț Compozit,Alb Pur & Cristal,Mobilier scandinav de lux cu riflaje fine din lemn masiv și blat antibacterian,crystal-carrara-quartz-coante_0.avif,top-blat-assets/luxury/products/crystal-carrara-quartz-coante_luxury.webp,top-blat-assets/luxury/cards/crystal-carrara-quartz-coante_card.webp,https://top-blat.ro/produs/crystal-carrara-quartz-coante/
carrara-oro-quartz-coante,Carrara Oro Quartz,Coante,Cuarț Compozit,Alb Pur & Cristal,Mobilier scandinav de lux cu riflaje fine din lemn masiv și blat antibacterian,carrara-oro-quartz-coante_0.avif,top-blat-assets/luxury/products/carrara-oro-quartz-coante_luxury.webp,top-blat-assets/luxury/cards/carrara-oro-quartz-coante_card.webp,https://top-blat.ro/produs/carrara-oro-quartz-coante/
nero-assoluto-ceramica-laminam,Nero Assoluto Ceramica,Laminam,Ceramică Sinterizată,Negru Obsidian & Grafit,Mobilier minimalist cu fronturi negre supermate și iluminare caldă LED integrată,nero-assoluto-ceramica-laminam_0.avif,,,https://top-blat.ro/produs/nero-assoluto-ceramica-laminam/
cristallo-gold-bm-carres-ceramica-laminam,Cristallo Gold Bm Carres Ceramica,Laminam,Ceramică Sinterizată,Alb & Calacatta Gold,Mobilier bucătărie cu fronturi Nuc American & Insulă masivă monolit,cristallo-gold-bm-carres-ceramica-laminam_0.avif,,,https://top-blat.ro/produs/cristallo-gold-bm-carres-ceramica-laminam/
ardesia-nero-a-spacco-ceramica-laminam,Ardesia Nero A Spacco Ceramica,Laminam,Ceramică Sinterizată,Negru Obsidian & Grafit,Mobilier minimalist cu fronturi negre supermate și iluminare caldă LED integrată,ardesia-nero-a-spacco-ceramica-laminam_0.avif,top-blat-assets/luxury/products/ardesia-nero-a-spacco-ceramica-laminam_luxury.webp,top-blat-assets/luxury/cards/ardesia-nero-a-spacco-ceramica-laminam_card.webp,https://top-blat.ro/produs/ardesia-nero-a-spacco-ceramica-laminam/
ardesia-bianco-a-spacco-ceramica-laminam,Ardesia Bianco A Spacco Ceramica,Laminam,Ceramică Sinterizată,Alb Pur & Cristal,Mobilier scandinav de lux cu riflaje fine din lemn masiv și blat antibacterian,ardesia-bianco-a-spacco-ceramica-laminam_0.avif,top-blat-assets/luxury/products/ardesia-bianco-a-spacco-ceramica-laminam_luxury.webp,top-blat-assets/luxury/cards/ardesia-bianco-a-spacco-ceramica-laminam_card.webp,https://top-blat.ro/produs/ardesia-bianco-a-spacco-ceramica-laminam/
bianco-lasa-lucidato-ceramica-laminam,Bianco Lasa Lucidato Ceramica,Laminam,Ceramică Sinterizată,Alb Pur & Cristal,Mobilier scandinav de lux cu riflaje fine din lemn masiv și blat antibacterian,bianco-lasa-lucidato-ceramica-laminam_0.avif,top-blat-assets/luxury/products/bianco-lasa-lucidato-ceramica-laminam_luxury.webp,top-blat-assets/luxury/cards/bianco-lasa-lucidato-ceramica-laminam_card.webp,https://top-blat.ro/produs/bianco-lasa-lucidato-ceramica-laminam/
bianco-statuario-venato-soft-touch-bm-ceramica-laminam,Bianco Statuario Venato Soft Touch Bm Ceramica,Laminam,Ceramică Sinterizată,Alb & Calacatta Gold,Mobilier bucătărie cu fronturi Nuc American & Insulă masivă monolit,bianco-statuario-venato-soft-touch-bm-ceramica-laminam_0.avif,top-blat-assets/luxury/products/bianco-statuario-venato-soft-touch-bm-ceramica-laminam_luxury.webp,top-blat-assets/luxury/cards/bianco-statuario-venato-soft-touch-bm-ceramica-laminam_card.webp,https://top-blat.ro/produs/bianco-statuario-venato-soft-touch-bm-ceramica-laminam/
calacatta-serchio-quartz-technistone,Calacatta Serchio Quartz,Technistone,Cuarț Compozit,Alb & Calacatta Gold,Mobilier bucătărie cu fronturi Nuc American & Insulă masivă monolit,calacatta-serchio-quartz-technistone_0.avif,top-blat-assets/luxury/products/calacatta-serchio-quartz-technistone_luxury.webp,top-blat-assets/luxury/cards/calacatta-serchio-quartz-technistone_card.webp,https://top-blat.ro/produs/calacatta-serchio-quartz-technistone/
calacatta-pastino-quartz-technistone,Calacatta Pastino Quartz,Technistone,Cuarț Compozit,Alb & Calacatta Gold,Mobilier bucătărie cu fronturi Nuc American & Insulă masivă monolit,calacatta-pastino-quartz-technistone_0.avif,top-blat-assets/luxury/products/calacatta-pastino-quartz-technistone_luxury.webp,top-blat-assets/luxury/cards/calacatta-pastino-quartz-technistone_card.webp,https://top-blat.ro/produs/calacatta-pastino-quartz-technistone/
calacatta-olympos-quartz-technistone,Calacatta Olympos Quartz,Technistone,Cuarț Compozit,Alb & Calacatta Gold,Mobilier bucătărie cu fronturi Nuc American & Insulă masivă monolit,calacatta-olympos-quartz-technistone_0.avif,top-blat-assets/luxury/products/calacatta-olympos-quartz-technistone_luxury.webp,top-blat-assets/luxury/cards/calacatta-olympos-quartz-technistone_card.webp,https://top-blat.ro/produs/calacatta-olympos-quartz-technistone/
bronze-coast-quartz-technistone,Bronze Coast Quartz,Technistone,Cuarț Compozit,Alb Pur & Cristal,Mobilier scandinav de lux cu riflaje fine din lemn masiv și blat antibacterian,bronze-coast-quartz-technistone_0.avif,top-blat-assets/luxury/products/bronze-coast-quartz-technistone_luxury.webp,top-blat-assets/luxury/cards/bronze-coast-quartz-technistone_card.webp,https://top-blat.ro/produs/bronze-coast-quartz-technistone/
brilliant-white-quartz-technistone,Brilliant White Quartz,Technistone,Cuarț Compozit,Alb Pur & Cristal,Mobilier scandinav de lux cu riflaje fine din lemn masiv și blat antibacterian,brilliant-white-quartz-technistone_0.avif,top-blat-assets/luxury/products/brilliant-white-quartz-technistone_luxury.webp,top-blat-assets/luxury/cards/brilliant-white-quartz-technistone_card.webp,https://top-blat.ro/produs/brilliant-white-quartz-technistone/
brilliant-black-quartz-technistone,Brilliant Black Quartz,Technistone,Cuarț Compozit,Negru Obsidian & Grafit,Mobilier minimalist cu fronturi negre supermate și iluminare caldă LED integrată,brilliant-black-quartz-technistone_0.avif,top-blat-assets/luxury/products/brilliant-black-quartz-technistone_luxury.webp,top-blat-assets/luxury/cards/brilliant-black-quartz-technistone_card.webp,https://top-blat.ro/produs/brilliant-black-quartz-technistone/
brilliant-arabesco-quartz-technistone,Brilliant Arabesco Quartz,Technistone,Cuarț Compozit,Alb Pur & Cristal,Mobilier scandinav de lux cu riflaje fine din lemn masiv și blat antibacterian,brilliant-arabesco-quartz-technistone_0.avif,top-blat-assets/luxury/products/brilliant-arabesco-quartz-technistone_luxury.webp,top-blat-assets/luxury/cards/brilliant-arabesco-quartz-technistone_card.webp,https://top-blat.ro/produs/brilliant-arabesco-quartz-technistone/
altamonte-quartz-technistone,Altamonte Quartz,Technistone,Cuarț Compozit,Alb Pur & Cristal,Mobilier scandinav de lux cu riflaje fine din lemn masiv și blat antibacterian,altamonte-quartz-technistone_0.avif,top-blat-assets/luxury/products/altamonte-quartz-technistone_luxury.webp,top-blat-assets/luxury/cards/altamonte-quartz-technistone_card.webp,https://top-blat.ro/produs/altamonte-quartz-technistone/
majestic-brown-ultra-quartz-coante,Majestic Brown Ultra Quartz,Coante,Cuarț Compozit,Alb Pur & Cristal,Mobilier scandinav de lux cu riflaje fine din lemn masiv și blat antibacterian,majestic-brown-ultra-quartz-coante_0.avif,top-blat-assets/luxury/products/majestic-brown-ultra-quartz-coante_luxury.webp,top-blat-assets/luxury/cards/majestic-brown-ultra-quartz-coante_card.webp,https://top-blat.ro/produs/majestic-brown-ultra-quartz-coante/
crystal-diamond-quartz-technistone,Crystal Diamond Quartz,Technistone,Cuarț Compozit,Alb Pur & Cristal,Mobilier scandinav de lux cu riflaje fine din lemn masiv și blat antibacterian,crystal-diamond-quartz-technistone_0.avif,top-blat-assets/luxury/products/crystal-diamond-quartz-technistone_luxury.webp,top-blat-assets/luxury/cards/crystal-diamond-quartz-technistone_card.webp,https://top-blat.ro/produs/crystal-diamond-quartz-technistone/
crystal-calacatta-silva-quartz-technistone,Crystal Calacatta Silva Quartz,Technistone,Cuarț Compozit,Alb & Calacatta Gold,Mobilier bucătărie cu fronturi Nuc American & Insulă masivă monolit,crystal-calacatta-silva-quartz-technistone_0.avif,top-blat-assets/luxury/products/crystal-calacatta-silva-quartz-technistone_luxury.webp,top-blat-assets/luxury/cards/crystal-calacatta-silva-quartz-technistone_card.webp,https://top-blat.ro/produs/crystal-calacatta-silva-quartz-technistone/
crystal-belgium-quartz-technistone,Crystal Belgium Quartz,Technistone,Cuarț Compozit,Alb Pur & Cristal,Mobilier scandinav de lux cu riflaje fine din lemn masiv și blat antibacterian,crystal-belgium-quartz-technistone_0.avif,top-blat-assets/luxury/products/crystal-belgium-quartz-technistone_luxury.webp,top-blat-assets/luxury/cards/crystal-belgium-quartz-technistone_card.webp,https://top-blat.ro/produs/crystal-belgium-quartz-technistone/
crystal-anthracite-pure-quartz-technistone,Crystal Anthracite Pure Quartz,Technistone,Cuarț Compozit,Alb Pur & Cristal,Mobilier scandinav de lux cu riflaje fine din lemn masiv și blat antibacterian,crystal-anthracite-pure-quartz-technistone_0.avif,top-blat-assets/luxury/products/crystal-anthracite-pure-quartz-technistone_luxury.webp,top-blat-assets/luxury/cards/crystal-anthracite-pure-quartz-technistone_card.webp,https://top-blat.ro/produs/crystal-anthracite-pure-quartz-technistone/
crystal-absolute-white-quartz-technistone,Crystal Absolute White Quartz,Technistone,Cuarț Compozit,Alb Pur & Cristal,Mobilier scandinav de lux cu riflaje fine din lemn masiv și blat antibacterian,crystal-absolute-white-quartz-technistone_0.avif,top-blat-assets/luxury/products/crystal-absolute-white-quartz-technistone_luxury.webp,top-blat-assets/luxury/cards/crystal-absolute-white-quartz-technistone_card.webp,https://top-blat.ro/produs/crystal-absolute-white-quartz-technistone/
calacatta-volegno-quartz-technistone,Calacatta Volegno Quartz,Technistone,Cuarț Compozit,Alb & Calacatta Gold,Mobilier bucătărie cu fronturi Nuc American & Insulă masivă monolit,calacatta-volegno-quartz-technistone_0.avif,top-blat-assets/luxury/products/calacatta-volegno-quartz-technistone_luxury.webp,top-blat-assets/luxury/cards/calacatta-volegno-quartz-technistone_card.webp,https://top-blat.ro/produs/calacatta-volegno-quartz-technistone/
noble-areti-bianco-quartz-technistone,Noble Areti Bianco Quartz,Technistone,Cuarț Compozit,Alb Pur & Cristal,Mobilier scandinav de lux cu riflaje fine din lemn masiv și blat antibacterian,noble-areti-bianco-quartz-technistone_0.avif,top-blat-assets/luxury/products/noble-areti-bianco-quartz-technistone_luxury.webp,top-blat-assets/luxury/cards/noble-areti-bianco-quartz-technistone_card.webp,https://top-blat.ro/produs/noble-areti-bianco-quartz-technistone/
noble-athos-brown-quartz-technistone,Noble Athos Brown Quartz,Technistone,Cuarț Compozit,Alb Pur & Cristal,Mobilier scandinav de lux cu riflaje fine din lemn masiv și blat antibacterian,noble-athos-brown-quartz-technistone_0.avif,top-blat-assets/luxury/products/noble-athos-brown-quartz-technistone_luxury.webp,top-blat-assets/luxury/cards/noble-athos-brown-quartz-technistone_card.webp,https://top-blat.ro/produs/noble-athos-brown-quartz-technistone/
noble-botticino-quartz-technistone,Noble Botticino Quartz,Technistone,Cuarț Compozit,Alb Pur & Cristal,Mobilier scandinav de lux cu riflaje fine din lemn masiv și blat antibacterian,noble-botticino-quartz-technistone_0.avif,top-blat-assets/luxury/products/noble-botticino-quartz-technistone_luxury.webp,top-blat-assets/luxury/cards/noble-botticino-quartz-technistone_card.webp,https://top-blat.ro/produs/noble-botticino-quartz-technistone/
noble-carrara-quartz-technistone,Noble Carrara Quartz,Technistone,Cuarț Compozit,Alb Pur & Cristal,Mobilier scandinav de lux cu riflaje fine din lemn masiv și blat antibacterian,noble-carrara-quartz-technistone_0.avif,top-blat-assets/luxury/products/noble-carrara-quartz-technistone_luxury.webp,top-blat-assets/luxury/cards/noble-carrara-quartz-technistone_card.webp,https://top-blat.ro/produs/noble-carrara-quartz-technistone/
noble-concrete-grey-quartz-technistone,Noble Concrete Grey Quartz,Technistone,Cuarț Compozit,Gri Architectural & Beton,"Design industrial rafinat, cadre metalice bronz și vitrine fumurii",noble-concrete-grey-quartz-technistone_0.avif,top-blat-assets/luxury/products/noble-concrete-grey-quartz-technistone_luxury.webp,top-blat-assets/luxury/cards/noble-concrete-grey-quartz-technistone_card.webp,https://top-blat.ro/produs/noble-concrete-grey-quartz-technistone/
noble-ivory-white-quartz-technistone,Noble Ivory White Quartz,Technistone,Cuarț Compozit,Alb Pur & Cristal,Mobilier scandinav de lux cu riflaje fine din lemn masiv și blat antibacterian,noble-ivory-white-quartz-technistone_0.avif,top-blat-assets/luxury/products/noble-ivory-white-quartz-technistone_luxury.webp,top-blat-assets/luxury/cards/noble-ivory-white-quartz-technistone_card.webp,https://top-blat.ro/produs/noble-ivory-white-quartz-technistone/
noble-linea-quartz-technistone,Noble Linea Quartz,Technistone,Cuarț Compozit,Alb Pur & Cristal,Mobilier scandinav de lux cu riflaje fine din lemn masiv și blat antibacterian,noble-linea-quartz-technistone_0.avif,top-blat-assets/luxury/products/noble-linea-quartz-technistone_luxury.webp,top-blat-assets/luxury/cards/noble-linea-quartz-technistone_card.webp,https://top-blat.ro/produs/noble-linea-quartz-technistone/
noble-olympos-mist-quartz-technistone,Noble Olympos Mist Quartz,Technistone,Cuarț Compozit,Alb Pur & Cristal,Mobilier scandinav de lux cu riflaje fine din lemn masiv și blat antibacterian,noble-olympos-mist-quartz-technistone_0.avif,top-blat-assets/luxury/products/noble-olympos-mist-quartz-technistone_luxury.webp,top-blat-assets/luxury/cards/noble-olympos-mist-quartz-technistone_card.webp,https://top-blat.ro/produs/noble-olympos-mist-quartz-technistone/
noble-pietra-grey-quartz-technistone,Noble Pietra Grey Quartz,Technistone,Cuarț Compozit,Gri Architectural & Beton,"Design industrial rafinat, cadre metalice bronz și vitrine fumurii",noble-pietra-grey-quartz-technistone_0.avif,top-blat-assets/luxury/products/noble-pietra-grey-quartz-technistone_luxury.webp,top-blat-assets/luxury/cards/noble-pietra-grey-quartz-technistone_card.webp,https://top-blat.ro/produs/noble-pietra-grey-quartz-technistone/
noble-portland-grey-quartz-technistone,Noble Portland Grey Quartz,Technistone,Cuarț Compozit,Gri Architectural & Beton,"Design industrial rafinat, cadre metalice bronz și vitrine fumurii",noble-portland-grey-quartz-technistone_0.avif,top-blat-assets/luxury/products/noble-portland-grey-quartz-technistone_luxury.webp,top-blat-assets/luxury/cards/noble-portland-grey-quartz-technistone_card.webp,https://top-blat.ro/produs/noble-portland-grey-quartz-technistone/
noble-pro-cloud-quartz-technistone,Noble Pro Cloud Quartz,Technistone,Cuarț Compozit,Alb Pur & Cristal,Mobilier scandinav de lux cu riflaje fine din lemn masiv și blat antibacterian,noble-pro-cloud-quartz-technistone_0.avif,top-blat-assets/luxury/products/noble-pro-cloud-quartz-technistone_luxury.webp,top-blat-assets/luxury/cards/noble-pro-cloud-quartz-technistone_card.webp,https://top-blat.ro/produs/noble-pro-cloud-quartz-technistone/
noble-arco-quartz-technistone,Noble Arco Quartz,Technistone,Cuarț Compozit,Alb Pur & Cristal,Mobilier scandinav de lux cu riflaje fine din lemn masiv și blat antibacterian,noble-arco-quartz-technistone_0.avif,top-blat-assets/luxury/products/noble-arco-quartz-technistone_luxury.webp,top-blat-assets/luxury/cards/noble-arco-quartz-technistone_card.webp,https://top-blat.ro/produs/noble-arco-quartz-technistone/
mystery-white-quartz-technistone,Mystery White Quartz,Technistone,Cuarț Compozit,Alb Pur & Cristal,Mobilier scandinav de lux cu riflaje fine din lemn masiv și blat antibacterian,mystery-white-quartz-technistone_0.avif,top-blat-assets/luxury/products/mystery-white-quartz-technistone_luxury.webp,top-blat-assets/luxury/cards/mystery-white-quartz-technistone_card.webp,https://top-blat.ro/produs/mystery-white-quartz-technistone/
crystal-nevada-quartz-technistone,Crystal Nevada Quartz,Technistone,Cuarț Compozit,Alb Pur & Cristal,Mobilier scandinav de lux cu riflaje fine din lemn masiv și blat antibacterian,crystal-nevada-quartz-technistone_0.avif,top-blat-assets/luxury/products/crystal-nevada-quartz-technistone_luxury.webp,top-blat-assets/luxury/cards/crystal-nevada-quartz-technistone_card.webp,https://top-blat.ro/produs/crystal-nevada-quartz-technistone/
crystal-polar-white-quartz-technistone,Crystal Polar White Quartz,Technistone,Cuarț Compozit,Alb Pur & Cristal,Mobilier scandinav de lux cu riflaje fine din lemn masiv și blat antibacterian,crystal-polar-white-quartz-technistone_0.avif,top-blat-assets/luxury/products/crystal-polar-white-quartz-technistone_luxury.webp,top-blat-assets/luxury/cards/crystal-polar-white-quartz-technistone_card.webp,https://top-blat.ro/produs/crystal-polar-white-quartz-technistone/
crystal-royal-quartz-technistone,Crystal Royal Quartz,Technistone,Cuarț Compozit,Alb Pur & Cristal,Mobilier scandinav de lux cu riflaje fine din lemn masiv și blat antibacterian,crystal-royal-quartz-technistone_0.avif,top-blat-assets/luxury/products/crystal-royal-quartz-technistone_luxury.webp,top-blat-assets/luxury/cards/crystal-royal-quartz-technistone_card.webp,https://top-blat.ro/produs/crystal-royal-quartz-technistone/
crystal-vulcano-quartz-technistone,Crystal Vulcano Quartz,Technistone,Cuarț Compozit,Alb Pur & Cristal,Mobilier scandinav de lux cu riflaje fine din lemn masiv și blat antibacterian,crystal-vulcano-quartz-technistone_0.avif,top-blat-assets/luxury/products/crystal-vulcano-quartz-technistone_luxury.webp,top-blat-assets/luxury/cards/crystal-vulcano-quartz-technistone_card.webp,https://top-blat.ro/produs/crystal-vulcano-quartz-technistone/
elegance-eco-nev-quartz-technistone,Elegance Eco Nev Quartz,Technistone,Cuarț Compozit,Alb Pur & Cristal,Mobilier scandinav de lux cu riflaje fine din lemn masiv și blat antibacterian,elegance-eco-nev-quartz-technistone_0.avif,top-blat-assets/luxury/products/elegance-eco-nev-quartz-technistone_luxury.webp,top-blat-assets/luxury/cards/elegance-eco-nev-quartz-technistone_card.webp,https://top-blat.ro/produs/elegance-eco-nev-quartz-technistone/
glencoe-quartz-technistone,Glencoe Quartz,Technistone,Cuarț Compozit,Alb Pur & Cristal,Mobilier scandinav de lux cu riflaje fine din lemn masiv și blat antibacterian,glencoe-quartz-technistone_0.avif,top-blat-assets/luxury/products/glencoe-quartz-technistone_luxury.webp,top-blat-assets/luxury/cards/glencoe-quartz-technistone_card.webp,https://top-blat.ro/produs/glencoe-quartz-technistone/
gobi-black-quartz-technistone,Gobi Black Quartz,Technistone,Cuarț Compozit,Negru Obsidian & Grafit,Mobilier minimalist cu fronturi negre supermate și iluminare caldă LED integrată,gobi-black-quartz-technistone_0.avif,top-blat-assets/luxury/products/gobi-black-quartz-technistone_luxury.webp,top-blat-assets/luxury/cards/gobi-black-quartz-technistone_card.webp,https://top-blat.ro/produs/gobi-black-quartz-technistone/
gobi-grey-quartz-technistone,Gobi Grey Quartz,Technistone,Cuarț Compozit,Gri Architectural & Beton,"Design industrial rafinat, cadre metalice bronz și vitrine fumurii",gobi-grey-quartz-technistone_0.avif,top-blat-assets/luxury/products/gobi-grey-quartz-technistone_luxury.webp,top-blat-assets/luxury/cards/gobi-grey-quartz-technistone_card.webp,https://top-blat.ro/produs/gobi-grey-quartz-technistone/
gobi-urban-quartz-technistone,Gobi Urban Quartz,Technistone,Cuarț Compozit,Alb Pur & Cristal,Mobilier scandinav de lux cu riflaje fine din lemn masiv și blat antibacterian,gobi-urban-quartz-technistone_0.avif,top-blat-assets/luxury/products/gobi-urban-quartz-technistone_luxury.webp,top-blat-assets/luxury/cards/gobi-urban-quartz-technistone_card.webp,https://top-blat.ro/produs/gobi-urban-quartz-technistone/
harmonia-navajo-quartz-technistone,Harmonia Navajo Quartz,Technistone,Cuarț Compozit,Alb Pur & Cristal,Mobilier scandinav de lux cu riflaje fine din lemn masiv și blat antibacterian,harmonia-navajo-quartz-technistone_0.avif,top-blat-assets/luxury/products/harmonia-navajo-quartz-technistone_luxury.webp,top-blat-assets/luxury/cards/harmonia-navajo-quartz-technistone_card.webp,https://top-blat.ro/produs/harmonia-navajo-quartz-technistone/
imagine-grey-quartz-technistone,Imagine Grey Quartz,Technistone,Cuarț Compozit,Gri Architectural & Beton,"Design industrial rafinat, cadre metalice bronz și vitrine fumurii",imagine-grey-quartz-technistone_0.avif,top-blat-assets/luxury/products/imagine-grey-quartz-technistone_luxury.webp,top-blat-assets/luxury/cards/imagine-grey-quartz-technistone_card.webp,https://top-blat.ro/produs/imagine-grey-quartz-technistone/
noble-villa-quartz-technistone,Noble Villa Quartz,Technistone,Cuarț Compozit,Alb Pur & Cristal,Mobilier scandinav de lux cu riflaje fine din lemn masiv și blat antibacterian,noble-villa-quartz-technistone_0.avif,top-blat-assets/luxury/products/noble-villa-quartz-technistone_luxury.webp,top-blat-assets/luxury/cards/noble-villa-quartz-technistone_card.webp,https://top-blat.ro/produs/noble-villa-quartz-technistone/
noble-vintage-quartz-technistone,Noble Vintage Quartz,Technistone,Cuarț Compozit,Alb Pur & Cristal,Mobilier scandinav de lux cu riflaje fine din lemn masiv și blat antibacterian,noble-vintage-quartz-technistone_0.avif,top-blat-assets/luxury/products/noble-vintage-quartz-technistone_luxury.webp,top-blat-assets/luxury/cards/noble-vintage-quartz-technistone_card.webp,https://top-blat.ro/produs/noble-vintage-quartz-technistone/
pearl-alba-quartz-technistone,Pearl Alba Quartz,Technistone,Cuarț Compozit,Alb Pur & Cristal,Mobilier scandinav de lux cu riflaje fine din lemn masiv și blat antibacterian,pearl-alba-quartz-technistone_0.avif,top-blat-assets/luxury/products/pearl-alba-quartz-technistone_luxury.webp,top-blat-assets/luxury/cards/pearl-alba-quartz-technistone_card.webp,https://top-blat.ro/produs/pearl-alba-quartz-technistone/
pearl-delta-quartz-technistone,Pearl Delta Quartz,Technistone,Cuarț Compozit,Alb Pur & Cristal,Mobilier scandinav de lux cu riflaje fine din lemn masiv și blat antibacterian,pearl-delta-quartz-technistone_0.avif,top-blat-assets/luxury/products/pearl-delta-quartz-technistone_luxury.webp,top-blat-assets/luxury/cards/pearl-delta-quartz-technistone_card.webp,https://top-blat.ro/produs/pearl-delta-quartz-technistone/
noble-troya-quartz-technistone,Noble Troya Quartz,Technistone,Cuarț Compozit,Alb Pur & Cristal,Mobilier scandinav de lux cu riflaje fine din lemn masiv și blat antibacterian,noble-troya-quartz-technistone_0.avif,top-blat-assets/luxury/products/noble-troya-quartz-technistone_luxury.webp,top-blat-assets/luxury/cards/noble-troya-quartz-technistone_card.webp,https://top-blat.ro/produs/noble-troya-quartz-technistone/
noble-supreme-white-quartz-technistone-2,Noble Supreme White Quartz 2,Technistone,Cuarț Compozit,Alb Pur & Cristal,Mobilier scandinav de lux cu riflaje fine din lemn masiv și blat antibacterian,noble-supreme-white-quartz-technistone-2_0.webp,top-blat-assets/luxury/products/noble-supreme-white-quartz-technistone-2_luxury.webp,top-blat-assets/luxury/cards/noble-supreme-white-quartz-technistone-2_card.webp,https://top-blat.ro/produs/noble-supreme-white-quartz-technistone-2/
noble-supreme-white-quartz-technistone,Noble Supreme White Quartz,Technistone,Cuarț Compozit,Alb Pur & Cristal,Mobilier scandinav de lux cu riflaje fine din lemn masiv și blat antibacterian,noble-supreme-white-quartz-technistone_0.webp,top-blat-assets/luxury/products/noble-supreme-white-quartz-technistone_luxury.webp,top-blat-assets/luxury/cards/noble-supreme-white-quartz-technistone_card.webp,https://top-blat.ro/produs/noble-supreme-white-quartz-technistone/
noble-quartzite-quartz-technistone,Noble Quartzite Quartz,Technistone,Cuarț Compozit,Alb Pur & Cristal,Mobilier scandinav de lux cu riflaje fine din lemn masiv și blat antibacterian,noble-quartzite-quartz-technistone_0.avif,top-blat-assets/luxury/products/noble-quartzite-quartz-technistone_luxury.webp,top-blat-assets/luxury/cards/noble-quartzite-quartz-technistone_card.webp,https://top-blat.ro/produs/noble-quartzite-quartz-technistone/
noble-pro-storm-quartz-technistone,Noble Pro Storm Quartz,Technistone,Cuarț Compozit,Alb Pur & Cristal,Mobilier scandinav de lux cu riflaje fine din lemn masiv și blat antibacterian,noble-pro-storm-quartz-technistone_0.avif,top-blat-assets/luxury/products/noble-pro-storm-quartz-technistone_luxury.webp,top-blat-assets/luxury/cards/noble-pro-storm-quartz-technistone_card.webp,https://top-blat.ro/produs/noble-pro-storm-quartz-technistone/
roamano-ricco-quartz-technistone,Roamano Ricco Quartz,Technistone,Cuarț Compozit,Alb Pur & Cristal,Mobilier scandinav de lux cu riflaje fine din lemn masiv și blat antibacterian,roamano-ricco-quartz-technistone_0.avif,top-blat-assets/luxury/products/roamano-ricco-quartz-technistone_luxury.webp,top-blat-assets/luxury/cards/roamano-ricco-quartz-technistone_card.webp,https://top-blat.ro/produs/roamano-ricco-quartz-technistone/
noble-quartzite-quartz-technistone,Noble Quartzite Quartz,Technistone,Cuarț Compozit,Alb Pur & Cristal,Mobilier scandinav de lux cu riflaje fine din lemn masiv și blat antibacterian,noble-quartzite-quartz-technistone_0.avif,top-blat-assets/luxury/products/noble-quartzite-quartz-technistone_luxury.webp,top-blat-assets/luxury/cards/noble-quartzite-quartz-technistone_card.webp,https://top-blat.ro/produs/noble-quartzite-quartz-technistone/
noble-pro-storm-quartz-technistone,Noble Pro Storm Quartz,Technistone,Cuarț Compozit,Alb Pur & Cristal,Mobilier scandinav de lux cu riflaje fine din lemn masiv și blat antibacterian,noble-pro-storm-quartz-technistone_0.avif,top-blat-assets/luxury/products/noble-pro-storm-quartz-technistone_luxury.webp,top-blat-assets/luxury/cards/noble-pro-storm-quartz-technistone_card.webp,https://top-blat.ro/produs/noble-pro-storm-quartz-technistone/
noble-pro-frost-quartz-technistone,Noble Pro Frost Quartz,Technistone,Cuarț Compozit,Alb Pur & Cristal,Mobilier scandinav de lux cu riflaje fine din lemn masiv și blat antibacterian,noble-pro-frost-quartz-technistone_0.avif,top-blat-assets/luxury/products/noble-pro-frost-quartz-technistone_luxury.webp,top-blat-assets/luxury/cards/noble-pro-frost-quartz-technistone_card.webp,https://top-blat.ro/produs/noble-pro-frost-quartz-technistone/
noka-quartz-silestone,Noka Quartz,Silestone,Cuarț Compozit,Alb Pur & Cristal,Mobilier scandinav de lux cu riflaje fine din lemn masiv și blat antibacterian,noka-quartz-silestone_0.avif,top-blat-assets/luxury/products/noka-quartz-silestone_luxury.webp,top-blat-assets/luxury/cards/noka-quartz-silestone_card.webp,https://top-blat.ro/produs/noka-quartz-silestone/
rougui-lena-quartz-silestone,Rougui Lena Quartz,Silestone,Cuarț Compozit,Alb Pur & Cristal,Mobilier scandinav de lux cu riflaje fine din lemn masiv și blat antibacterian,rougui-lena-quartz-silestone_0.avif,,,https://top-blat.ro/produs/rougui-lena-quartz-silestone/
blanco-maple-quartz-silestone,Blanco Maple Quartz,Silestone,Cuarț Compozit,Alb Pur & Cristal,Mobilier scandinav de lux cu riflaje fine din lemn masiv și blat antibacterian,blanco-maple-quartz-silestone_0.avif,,,https://top-blat.ro/produs/blanco-maple-quartz-silestone/
blanco-norte-quartz-silestone,Blanco Norte Quartz,Silestone,Cuarț Compozit,Alb Pur & Cristal,Mobilier scandinav de lux cu riflaje fine din lemn masiv și blat antibacterian,blanco-norte-quartz-silestone_0.avif,,,https://top-blat.ro/produs/blanco-norte-quartz-silestone/
camden-quartz-silestone,Camden Quartz,Silestone,Cuarț Compozit,Alb Pur & Cristal,Mobilier scandinav de lux cu riflaje fine din lemn masiv și blat antibacterian,camden-quartz-silestone_0.avif,,,https://top-blat.ro/produs/camden-quartz-silestone/
cemento-spa-quartz-silestone,Cemento Spa Quartz,Silestone,Cuarț Compozit,Gri Architectural & Beton,"Design industrial rafinat, cadre metalice bronz și vitrine fumurii",cemento-spa-quartz-silestone_0.webp,top-blat-assets/luxury/products/cemento-spa-quartz-silestone_luxury.webp,top-blat-assets/luxury/cards/cemento-spa-quartz-silestone_card.webp,https://top-blat.ro/produs/cemento-spa-quartz-silestone/
coral-clay-colour-quartz-silestone,Coral Clay Colour Quartz,Silestone,Cuarț Compozit,Alb Pur & Cristal,Mobilier scandinav de lux cu riflaje fine din lemn masiv și blat antibacterian,coral-clay-colour-quartz-silestone_0.avif,,,https://top-blat.ro/produs/coral-clay-colour-quartz-silestone/
marengo-quartz-silestone,Marengo Quartz,Silestone,Cuarț Compozit,Alb Pur & Cristal,Mobilier scandinav de lux cu riflaje fine din lemn masiv și blat antibacterian,marengo-quartz-silestone_0.avif,,,https://top-blat.ro/produs/marengo-quartz-silestone/
blanco-city-quartz-silestone,Blanco City Quartz,Silestone,Cuarț Compozit,Alb Pur & Cristal,Mobilier scandinav de lux cu riflaje fine din lemn masiv și blat antibacterian,blanco-city-quartz-silestone_0.avif,,,https://top-blat.ro/produs/blanco-city-quartz-silestone/
gris-expo-quartz-silestone,Gris Expo Quartz,Silestone,Cuarț Compozit,Gri Architectural & Beton,"Design industrial rafinat, cadre metalice bronz și vitrine fumurii",gris-expo-quartz-silestone_0.avif,,,https://top-blat.ro/produs/gris-expo-quartz-silestone/
taurus-black-quartz-technistone,Taurus Black Quartz,Technistone,Cuarț Compozit,Negru Obsidian & Grafit,Mobilier minimalist cu fronturi negre supermate și iluminare caldă LED integrată,taurus-black-quartz-technistone_0.avif,top-blat-assets/luxury/products/taurus-black-quartz-technistone_luxury.webp,top-blat-assets/luxury/cards/taurus-black-quartz-technistone_card.webp,https://top-blat.ro/produs/taurus-black-quartz-technistone/
taurus-terazzo-black-quartz-technistone,Taurus Terazzo Black Quartz,Technistone,Cuarț Compozit,Negru Obsidian & Grafit,Mobilier minimalist cu fronturi negre supermate și iluminare caldă LED integrată,taurus-terazzo-black-quartz-technistone_0.avif,top-blat-assets/luxury/products/taurus-terazzo-black-quartz-technistone_luxury.webp,top-blat-assets/luxury/cards/taurus-terazzo-black-quartz-technistone_card.webp,https://top-blat.ro/produs/taurus-terazzo-black-quartz-technistone/
taurus-terazzo-dark-quartz-technistone,Taurus Terazzo Dark Quartz,Technistone,Cuarț Compozit,Alb Pur & Cristal,Mobilier scandinav de lux cu riflaje fine din lemn masiv și blat antibacterian,taurus-terazzo-dark-quartz-technistone_0.avif,top-blat-assets/luxury/products/taurus-terazzo-dark-quartz-technistone_luxury.webp,top-blat-assets/luxury/cards/taurus-terazzo-dark-quartz-technistone_card.webp,https://top-blat.ro/produs/taurus-terazzo-dark-quartz-technistone/
taurus-terazzo-grey-quartz-technistone,Taurus Terazzo Grey Quartz,Technistone,Cuarț Compozit,Gri Architectural & Beton,"Design industrial rafinat, cadre metalice bronz și vitrine fumurii",taurus-terazzo-grey-quartz-technistone_0.avif,top-blat-assets/luxury/products/taurus-terazzo-grey-quartz-technistone_luxury.webp,top-blat-assets/luxury/cards/taurus-terazzo-grey-quartz-technistone_card.webp,https://top-blat.ro/produs/taurus-terazzo-grey-quartz-technistone/
taurus-terazzo-white-quartz-technistone,Taurus Terazzo White Quartz,Technistone,Cuarț Compozit,Alb Pur & Cristal,Mobilier scandinav de lux cu riflaje fine din lemn masiv și blat antibacterian,taurus-terazzo-white-quartz-technistone_0.avif,top-blat-assets/luxury/products/taurus-terazzo-white-quartz-technistone_luxury.webp,top-blat-assets/luxury/cards/taurus-terazzo-white-quartz-technistone_card.webp,https://top-blat.ro/produs/taurus-terazzo-white-quartz-technistone/
verde-peak-quartz-technistone,Verde Peak Quartz,Technistone,Cuarț Compozit,Nuanțe Speciale (Bleu / Verde),"Punct de accent pentru bar de cocktail, insulă decorativă sau recepție",verde-peak-quartz-technistone_0.avif,top-blat-assets/luxury/products/verde-peak-quartz-technistone_luxury.webp,top-blat-assets/luxury/cards/verde-peak-quartz-technistone_card.webp,https://top-blat.ro/produs/verde-peak-quartz-technistone/
arden-blue-quartz-silestone,Arden Blue Quartz,Silestone,Cuarț Compozit,Nuanțe Speciale (Bleu / Verde),"Punct de accent pentru bar de cocktail, insulă decorativă sau recepție",arden-blue-quartz-silestone_0.avif,,,https://top-blat.ro/produs/arden-blue-quartz-silestone/
cinder-craze-quartz-silestone,Cinder Craze Quartz,Silestone,Cuarț Compozit,Alb Pur & Cristal,Mobilier scandinav de lux cu riflaje fine din lemn masiv și blat antibacterian,cinder-craze-quartz-silestone_0.avif,,,https://top-blat.ro/produs/cinder-craze-quartz-silestone/
brass-relish-quartz-silestone,Brass Relish Quartz,Silestone,Cuarț Compozit,Alb Pur & Cristal,Mobilier scandinav de lux cu riflaje fine din lemn masiv și blat antibacterian,brass-relish-quartz-silestone_0.avif,,,https://top-blat.ro/produs/brass-relish-quartz-silestone/
white-storm-quartz-silestone,White Storm Quartz,Silestone,Cuarț Compozit,Alb Pur & Cristal,Mobilier scandinav de lux cu riflaje fine din lemn masiv și blat antibacterian,white-storm-quartz-silestone_0.avif,,,https://top-blat.ro/produs/white-storm-quartz-silestone/
noble-imperial-grey-quartz-technistone,Noble Imperial Grey Quartz,Technistone,Cuarț Compozit,Gri Architectural & Beton,"Design industrial rafinat, cadre metalice bronz și vitrine fumurii",noble-imperial-grey-quartz-technistone_0.avif,top-blat-assets/luxury/products/noble-imperial-grey-quartz-technistone_luxury.webp,top-blat-assets/luxury/cards/noble-imperial-grey-quartz-technistone_card.webp,https://top-blat.ro/produs/noble-imperial-grey-quartz-technistone/
royal-reef-quartz-silestone,Royal Reef Quartz,Silestone,Cuarț Compozit,Alb Pur & Cristal,Mobilier scandinav de lux cu riflaje fine din lemn masiv și blat antibacterian,royal-reef-quartz-silestone_0.avif,top-blat-assets/luxury/products/royal-reef-quartz-silestone_luxury.webp,top-blat-assets/luxury/cards/royal-reef-quartz-silestone_card.webp,https://top-blat.ro/produs/royal-reef-quartz-silestone/
niebla-quartz-silestone,Niebla Quartz,Silestone,Cuarț Compozit,Alb Pur & Cristal,Mobilier scandinav de lux cu riflaje fine din lemn masiv și blat antibacterian,niebla-quartz-silestone_0.avif,top-blat-assets/luxury/products/niebla-quartz-silestone_luxury.webp,top-blat-assets/luxury/cards/niebla-quartz-silestone_card.webp,https://top-blat.ro/produs/niebla-quartz-silestone/
negro-tebas-quartz-silestone,Negro Tebas Quartz,Silestone,Cuarț Compozit,Alb Pur & Cristal,Mobilier scandinav de lux cu riflaje fine din lemn masiv și blat antibacterian,negro-tebas-quartz-silestone_0.avif,top-blat-assets/luxury/products/negro-tebas-quartz-silestone_luxury.webp,top-blat-assets/luxury/cards/negro-tebas-quartz-silestone_card.webp,https://top-blat.ro/produs/negro-tebas-quartz-silestone/
miami-white-quartz-silestone,Miami White Quartz,Silestone,Cuarț Compozit,Alb Pur & Cristal,Mobilier scandinav de lux cu riflaje fine din lemn masiv și blat antibacterian,miami-white-quartz-silestone_0.avif,,,https://top-blat.ro/produs/miami-white-quartz-silestone/
snowy-ibiza-quartz-silestone,Snowy Ibiza Quartz,Silestone,Cuarț Compozit,Alb Pur & Cristal,Mobilier scandinav de lux cu riflaje fine din lemn masiv și blat antibacterian,snowy-ibiza-quartz-silestone_0.avif,,,https://top-blat.ro/produs/snowy-ibiza-quartz-silestone/
white-arabesque-quartz-silestone,White Arabesque Quartz,Silestone,Cuarț Compozit,Alb Pur & Cristal,Mobilier scandinav de lux cu riflaje fine din lemn masiv și blat antibacterian,white-arabesque-quartz-silestone_0.avif,,,https://top-blat.ro/produs/white-arabesque-quartz-silestone/
yukon-quartz-silestone,Yukon Quartz,Silestone,Cuarț Compozit,Alb Pur & Cristal,Mobilier scandinav de lux cu riflaje fine din lemn masiv și blat antibacterian,yukon-quartz-silestone_0.avif,,,https://top-blat.ro/produs/yukon-quartz-silestone/
arcilla-red-quartz-silestone,Arcilla Red Quartz,Silestone,Cuarț Compozit,Alb Pur & Cristal,Mobilier scandinav de lux cu riflaje fine din lemn masiv și blat antibacterian,arcilla-red-quartz-silestone_0.avif,top-blat-assets/luxury/products/arcilla-red-quartz-silestone_luxury.webp,top-blat-assets/luxury/cards/arcilla-red-quartz-silestone_card.webp,https://top-blat.ro/produs/arcilla-red-quartz-silestone/
blanco-orion-quartz-silestone,Blanco Orion Quartz,Silestone,Cuarț Compozit,Alb Pur & Cristal,Mobilier scandinav de lux cu riflaje fine din lemn masiv și blat antibacterian,blanco-orion-quartz-silestone_0.avif,,,https://top-blat.ro/produs/blanco-orion-quartz-silestone/
blanco-zeus-quartz-silestone,Blanco Zeus Quartz,Silestone,Cuarț Compozit,Alb Pur & Cristal,Mobilier scandinav de lux cu riflaje fine din lemn masiv și blat antibacterian,blanco-zeus-quartz-silestone_0.avif,,,https://top-blat.ro/produs/blanco-zeus-quartz-silestone/
cala-blue-quartz-silestone,Cala Blue Quartz,Silestone,Cuarț Compozit,Nuanțe Speciale (Bleu / Verde),"Punct de accent pentru bar de cocktail, insulă decorativă sau recepție",cala-blue-quartz-silestone_0.avif,,,https://top-blat.ro/produs/cala-blue-quartz-silestone/
charcoal-soapstone-quartz-silestone,Charcoal Soapstone Quartz,Silestone,Cuarț Compozit,Alb Pur & Cristal,Mobilier scandinav de lux cu riflaje fine din lemn masiv și blat antibacterian,charcoal-soapstone-quartz-silestone_0.avif,,,https://top-blat.ro/produs/charcoal-soapstone-quartz-silestone/
cincel-grey-quartz-silestone,Cincel Grey Quartz,Silestone,Cuarț Compozit,Gri Architectural & Beton,"Design industrial rafinat, cadre metalice bronz și vitrine fumurii",cincel-grey-quartz-silestone_0.avif,,,https://top-blat.ro/produs/cincel-grey-quartz-silestone/
classic-calacatta-quartz-silestone,Classic Calacatta Quartz,Silestone,Cuarț Compozit,Alb & Calacatta Gold,Mobilier bucătărie cu fronturi Nuc American & Insulă masivă monolit,classic-calacatta-quartz-silestone_0.avif,,,https://top-blat.ro/produs/classic-calacatta-quartz-silestone/
sienna-ridge-quartz-silestone,Sienna Ridge Quartz,Silestone,Cuarț Compozit,Alb Pur & Cristal,Mobilier scandinav de lux cu riflaje fine din lemn masiv și blat antibacterian,sienna-ridge-quartz-silestone_0.avif,,,https://top-blat.ro/produs/sienna-ridge-quartz-silestone/
negro-stellar-quartz-silestone,Negro Stellar Quartz,Silestone,Cuarț Compozit,Alb Pur & Cristal,Mobilier scandinav de lux cu riflaje fine din lemn masiv și blat antibacterian,negro-stellar-quartz-silestone_0.avif,top-blat-assets/luxury/products/negro-stellar-quartz-silestone_luxury.webp,top-blat-assets/luxury/cards/negro-stellar-quartz-silestone_card.webp,https://top-blat.ro/produs/negro-stellar-quartz-silestone/
concrete-pulse-quartz-silestone,Concrete Pulse Quartz,Silestone,Cuarț Compozit,Alb Pur & Cristal,Mobilier scandinav de lux cu riflaje fine din lemn masiv și blat antibacterian,concrete-pulse-quartz-silestone_0.avif,,,https://top-blat.ro/produs/concrete-pulse-quartz-silestone/
lime-delight-quartz-silestone,Lime Delight Quartz,Silestone,Cuarț Compozit,Alb Pur & Cristal,Mobilier scandinav de lux cu riflaje fine din lemn masiv și blat antibacterian,lime-delight-quartz-silestone_0.avif,,,https://top-blat.ro/produs/lime-delight-quartz-silestone/
alpina-white-quartz-silestone,Alpina White Quartz,Silestone,Cuarț Compozit,Alb Pur & Cristal,Mobilier scandinav de lux cu riflaje fine din lemn masiv și blat antibacterian,alpina-white-quartz-silestone_0.avif,top-blat-assets/luxury/products/alpina-white-quartz-silestone_luxury.webp,top-blat-assets/luxury/cards/alpina-white-quartz-silestone_card.webp,https://top-blat.ro/produs/alpina-white-quartz-silestone/
ariel-quartz-silestone,Ariel Quartz,Silestone,Cuarț Compozit,Alb Pur & Cristal,Mobilier scandinav de lux cu riflaje fine din lemn masiv și blat antibacterian,ariel-quartz-silestone_0.avif,,,https://top-blat.ro/produs/ariel-quartz-silestone/
bianco-calacatta-quartz-silestone,Bianco Calacatta Quartz,Silestone,Cuarț Compozit,Alb & Calacatta Gold,Mobilier bucătărie cu fronturi Nuc American & Insulă masivă monolit,bianco-calacatta-quartz-silestone_0.avif,,,https://top-blat.ro/produs/bianco-calacatta-quartz-silestone/
stelllar-blanco-quartz-silestone,Stelllar Blanco Quartz,Silestone,Cuarț Compozit,Alb Pur & Cristal,Mobilier scandinav de lux cu riflaje fine din lemn masiv și blat antibacterian,stelllar-blanco-quartz-silestone_0.avif,,,https://top-blat.ro/produs/stelllar-blanco-quartz-silestone/
desert-silver-quartz-silestone,Desert Silver Quartz,Silestone,Cuarț Compozit,Bej Cald & Nisipiu,Mobilier clasic contemporan din stejar periat natur și canturi bizotate,desert-silver-quartz-silestone_0.avif,,,https://top-blat.ro/produs/desert-silver-quartz-silestone/
halcyon-quartz-silestone,Halcyon Quartz,Silestone,Cuarț Compozit,Alb Pur & Cristal,Mobilier scandinav de lux cu riflaje fine din lemn masiv și blat antibacterian,halcyon-quartz-silestone_0.avif,,,https://top-blat.ro/produs/halcyon-quartz-silestone/
lagoon-quartz-silestone,Lagoon Quartz,Silestone,Cuarț Compozit,Alb Pur & Cristal,Mobilier scandinav de lux cu riflaje fine din lemn masiv și blat antibacterian,lagoon-quartz-silestone_0.avif,,,https://top-blat.ro/produs/lagoon-quartz-silestone/
miami-vena-quartz-silestone,Miami Vena Quartz,Silestone,Cuarț Compozit,Alb Pur & Cristal,Mobilier scandinav de lux cu riflaje fine din lemn masiv și blat antibacterian,miami-vena-quartz-silestone_0.avif,,,https://top-blat.ro/produs/miami-vena-quartz-silestone/
lyra-quartz-silestone,Lyra Quartz,Silestone,Cuarț Compozit,Alb Pur & Cristal,Mobilier scandinav de lux cu riflaje fine din lemn masiv și blat antibacterian,lyra-quartz-silestone_0.avif,,,https://top-blat.ro/produs/lyra-quartz-silestone/
nolita-quartz-silestone,Nolita Quartz,Silestone,Cuarț Compozit,Alb Pur & Cristal,Mobilier scandinav de lux cu riflaje fine din lemn masiv și blat antibacterian,nolita-quartz-silestone_0.avif,,,https://top-blat.ro/produs/nolita-quartz-silestone/
perl-jeasmine-quartz-silestone,Perl Jeasmine Quartz,Silestone,Cuarț Compozit,Alb Pur & Cristal,Mobilier scandinav de lux cu riflaje fine din lemn masiv și blat antibacterian,perl-jeasmine-quartz-silestone_0.avif,,,https://top-blat.ro/produs/perl-jeasmine-quartz-silestone/
poblenou-quartz-silestone,Poblenou Quartz,Silestone,Cuarț Compozit,Alb Pur & Cristal,Mobilier scandinav de lux cu riflaje fine din lemn masiv și blat antibacterian,poblenou-quartz-silestone_0.avif,,,https://top-blat.ro/produs/poblenou-quartz-silestone/
posidonia-green-quartz-silestone,Posidonia Green Quartz,Silestone,Cuarț Compozit,Nuanțe Speciale (Bleu / Verde),"Punct de accent pentru bar de cocktail, insulă decorativă sau recepție",posidonia-green-quartz-silestone_0.avif,,,https://top-blat.ro/produs/posidonia-green-quartz-silestone/
lusso-quartz-silestone,Lusso Quartz,Silestone,Cuarț Compozit,Alb Pur & Cristal,Mobilier scandinav de lux cu riflaje fine din lemn masiv și blat antibacterian,lusso-quartz-silestone_0.avif,,,https://top-blat.ro/produs/lusso-quartz-silestone/
kensho-quartz-silestone,Kensho Quartz,Silestone,Cuarț Compozit,Alb Pur & Cristal,Mobilier scandinav de lux cu riflaje fine din lemn masiv și blat antibacterian,kensho-quartz-silestone_0.avif,top-blat-assets/luxury/products/kensho-quartz-silestone_luxury.webp,top-blat-assets/luxury/cards/kensho-quartz-silestone_card.webp,https://top-blat.ro/produs/kensho-quartz-silestone/
cooper-mist-quartz-silestone,Cooper Mist Quartz,Silestone,Cuarț Compozit,Alb Pur & Cristal,Mobilier scandinav de lux cu riflaje fine din lemn masiv și blat antibacterian,cooper-mist-quartz-silestone_0.avif,,,https://top-blat.ro/produs/cooper-mist-quartz-silestone/
corktown-quartz-silestone,Corktown Quartz,Silestone,Cuarț Compozit,Alb Pur & Cristal,Mobilier scandinav de lux cu riflaje fine din lemn masiv și blat antibacterian,corktown-quartz-silestone_0.avif,,,https://top-blat.ro/produs/corktown-quartz-silestone/
eternal-serena-quartz-silestone,Eternal Serena Quartz,Silestone,Cuarț Compozit,Alb Pur & Cristal,Mobilier scandinav de lux cu riflaje fine din lemn masiv și blat antibacterian,eternal-serena-quartz-silestone_0.avif,top-blat-assets/luxury/products/eternal-serena-quartz-silestone_luxury.webp,top-blat-assets/luxury/cards/eternal-serena-quartz-silestone_card.webp,https://top-blat.ro/produs/eternal-serena-quartz-silestone/
faro-white-quartz-silestone,Faro White Quartz,Silestone,Cuarț Compozit,Alb Pur & Cristal,Mobilier scandinav de lux cu riflaje fine din lemn masiv și blat antibacterian,faro-white-quartz-silestone_0.avif,,,https://top-blat.ro/produs/faro-white-quartz-silestone/
helix-quartz-silestone,Helix Quartz,Silestone,Cuarț Compozit,Alb Pur & Cristal,Mobilier scandinav de lux cu riflaje fine din lemn masiv și blat antibacterian,helix-quartz-silestone_0.avif,,,https://top-blat.ro/produs/helix-quartz-silestone/
pietra-quartz-silestone,Pietra Quartz,Silestone,Cuarț Compozit,Alb Pur & Cristal,Mobilier scandinav de lux cu riflaje fine din lemn masiv și blat antibacterian,pietra-quartz-silestone_0.avif,,,https://top-blat.ro/produs/pietra-quartz-silestone/
et-calacatta-gold-quartz-silestone,Et Calacatta Gold Quartz,Silestone,Cuarț Compozit,Alb & Calacatta Gold,Mobilier bucătărie cu fronturi Nuc American & Insulă masivă monolit,et-calacatta-gold-quartz-silestone_0.avif,,,https://top-blat.ro/produs/et-calacatta-gold-quartz-silestone/
et-noir-quartz-silestone,Et Noir Quartz,Silestone,Cuarț Compozit,Alb Pur & Cristal,Mobilier scandinav de lux cu riflaje fine din lemn masiv și blat antibacterian,et-noir-quartz-silestone_0.avif,,,https://top-blat.ro/produs/et-noir-quartz-silestone/
ethereal-cloud-quartz-silestone,Ethereal Cloud Quartz,Silestone,Cuarț Compozit,Alb Pur & Cristal,Mobilier scandinav de lux cu riflaje fine din lemn masiv și blat antibacterian,ethereal-cloud-quartz-silestone_0.avif,top-blat-assets/luxury/products/ethereal-cloud-quartz-silestone_luxury.webp,top-blat-assets/luxury/cards/ethereal-cloud-quartz-silestone_card.webp,https://top-blat.ro/produs/ethereal-cloud-quartz-silestone/
ethereal-dusk-quartz-silestone,Ethereal Dusk Quartz,Silestone,Cuarț Compozit,Alb Pur & Cristal,Mobilier scandinav de lux cu riflaje fine din lemn masiv și blat antibacterian,ethereal-dusk-quartz-silestone_0.avif,,,https://top-blat.ro/produs/ethereal-dusk-quartz-silestone/
ethereal-glow-quartz-silestone,Ethereal Glow Quartz,Silestone,Cuarț Compozit,Alb Pur & Cristal,Mobilier scandinav de lux cu riflaje fine din lemn masiv și blat antibacterian,ethereal-glow-quartz-silestone_0.avif,,,https://top-blat.ro/produs/ethereal-glow-quartz-silestone/
ethereal-haze-quartz-silestone,Ethereal Haze Quartz,Silestone,Cuarț Compozit,Alb Pur & Cristal,Mobilier scandinav de lux cu riflaje fine din lemn masiv și blat antibacterian,ethereal-haze-quartz-silestone_0.avif,,,https://top-blat.ro/produs/ethereal-haze-quartz-silestone/
ethereal-indigo-quartz-silestone,Ethereal Indigo Quartz,Silestone,Cuarț Compozit,Alb Pur & Cristal,Mobilier scandinav de lux cu riflaje fine din lemn masiv și blat antibacterian,ethereal-indigo-quartz-silestone_0.avif,,,https://top-blat.ro/produs/ethereal-indigo-quartz-silestone/
ocean-storm-quartz-silestone,Ocean Storm Quartz,Silestone,Cuarț Compozit,Alb Pur & Cristal,Mobilier scandinav de lux cu riflaje fine din lemn masiv și blat antibacterian,ocean-storm-quartz-silestone_0.avif,,,https://top-blat.ro/produs/ocean-storm-quartz-silestone/
ocean-jasper-f-quartz-silestone,Ocean Jasper F Quartz,Silestone,Cuarț Compozit,Alb Pur & Cristal,Mobilier scandinav de lux cu riflaje fine din lemn masiv și blat antibacterian,ocean-jasper-f-quartz-silestone_0.avif,,,https://top-blat.ro/produs/ocean-jasper-f-quartz-silestone/
seaport-quartz-silestone,Seaport Quartz,Silestone,Cuarț Compozit,Alb Pur & Cristal,Mobilier scandinav de lux cu riflaje fine din lemn masiv și blat antibacterian,seaport-quartz-silestone_0.avif,,,https://top-blat.ro/produs/seaport-quartz-silestone/
calypso-quartz-silestone,Calypso Quartz,Silestone,Cuarț Compozit,Alb Pur & Cristal,Mobilier scandinav de lux cu riflaje fine din lemn masiv și blat antibacterian,calypso-quartz-silestone_0.avif,,,https://top-blat.ro/produs/calypso-quartz-silestone/
et-bella-quartz-silestone,Et Bella Quartz,Silestone,Cuarț Compozit,Alb Pur & Cristal,Mobilier scandinav de lux cu riflaje fine din lemn masiv și blat antibacterian,et-bella-quartz-silestone_0.avif,,,https://top-blat.ro/produs/et-bella-quartz-silestone/
et-dor-quartz-silestone,Et Dor Quartz,Silestone,Cuarț Compozit,Alb Pur & Cristal,Mobilier scandinav de lux cu riflaje fine din lemn masiv și blat antibacterian,et-dor-quartz-silestone_0.avif,,,https://top-blat.ro/produs/et-dor-quartz-silestone/
et-marfil-quartz-silestone,Et Marfil Quartz,Silestone,Cuarț Compozit,Alb Pur & Cristal,Mobilier scandinav de lux cu riflaje fine din lemn masiv și blat antibacterian,et-marfil-quartz-silestone_0.avif,,,https://top-blat.ro/produs/et-marfil-quartz-silestone/
et-marquina-quartz-silestone,Et Marquina Quartz,Silestone,Cuarț Compozit,Negru Obsidian & Grafit,Mobilier minimalist cu fronturi negre supermate și iluminare caldă LED integrată,et-marquina-quartz-silestone_0.avif,,,https://top-blat.ro/produs/et-marquina-quartz-silestone/
et-statuario-quartz-silestone,Et Statuario Quartz,Silestone,Cuarț Compozit,Alb & Calacatta Gold,Mobilier bucătărie cu fronturi Nuc American & Insulă masivă monolit,et-statuario-quartz-silestone_0.avif,,,https://top-blat.ro/produs/et-statuario-quartz-silestone/
iconic-white-quartz-silestone,Iconic White Quartz,Silestone,Cuarț Compozit,Alb Pur & Cristal,Mobilier scandinav de lux cu riflaje fine din lemn masiv și blat antibacterian,iconic-white-quartz-silestone_0.avif,top-blat-assets/luxury/products/iconic-white-quartz-silestone_luxury.webp,top-blat-assets/luxury/cards/iconic-white-quartz-silestone_card.webp,https://top-blat.ro/produs/iconic-white-quartz-silestone/
amanos-quartz-cimstone,Amanos Quartz,Cimstone,Cuarț Compozit,Alb Pur & Cristal,Mobilier scandinav de lux cu riflaje fine din lemn masiv și blat antibacterian,amanos-quartz-cimstone_0.avif,top-blat-assets/luxury/products/amanos-quartz-cimstone_luxury.webp,top-blat-assets/luxury/cards/amanos-quartz-cimstone_card.webp,https://top-blat.ro/produs/amanos-quartz-cimstone/
sineda-quartz-cimstone,Sineda Quartz,Cimstone,Cuarț Compozit,Alb Pur & Cristal,Mobilier scandinav de lux cu riflaje fine din lemn masiv și blat antibacterian,sineda-quartz-cimstone_0.avif,top-blat-assets/luxury/products/sineda-quartz-cimstone_luxury.webp,top-blat-assets/luxury/cards/sineda-quartz-cimstone_card.webp,https://top-blat.ro/produs/sineda-quartz-cimstone/
barents-quartz-cimstone,Barents Quartz,Cimstone,Cuarț Compozit,Alb Pur & Cristal,Mobilier scandinav de lux cu riflaje fine din lemn masiv și blat antibacterian,barents-quartz-cimstone_0.avif,top-blat-assets/luxury/products/barents-quartz-cimstone_luxury.webp,top-blat-assets/luxury/cards/barents-quartz-cimstone_card.webp,https://top-blat.ro/produs/barents-quartz-cimstone/
ares-quartz-cimstone,Ares Quartz,Cimstone,Cuarț Compozit,Alb Pur & Cristal,Mobilier scandinav de lux cu riflaje fine din lemn masiv și blat antibacterian,ares-quartz-cimstone_0.avif,top-blat-assets/luxury/products/ares-quartz-cimstone_luxury.webp,top-blat-assets/luxury/cards/ares-quartz-cimstone_card.webp,https://top-blat.ro/produs/ares-quartz-cimstone/
toros-quartz-cimstone,Toros Quartz,Cimstone,Cuarț Compozit,Alb Pur & Cristal,Mobilier scandinav de lux cu riflaje fine din lemn masiv și blat antibacterian,toros-quartz-cimstone_0.avif,top-blat-assets/luxury/products/toros-quartz-cimstone_luxury.webp,top-blat-assets/luxury/cards/toros-quartz-cimstone_card.webp,https://top-blat.ro/produs/toros-quartz-cimstone/
tundra-quartz-cimstone,Tundra Quartz,Cimstone,Cuarț Compozit,Alb Pur & Cristal,Mobilier scandinav de lux cu riflaje fine din lemn masiv și blat antibacterian,tundra-quartz-cimstone_0.avif,top-blat-assets/luxury/products/tundra-quartz-cimstone_luxury.webp,top-blat-assets/luxury/cards/tundra-quartz-cimstone_card.webp,https://top-blat.ro/produs/tundra-quartz-cimstone/
victorian-silver-quartz-silestone,Victorian Silver Quartz,Silestone,Cuarț Compozit,Alb Pur & Cristal,Mobilier scandinav de lux cu riflaje fine din lemn masiv și blat antibacterian,victorian-silver-quartz-silestone_0.avif,,,https://top-blat.ro/produs/victorian-silver-quartz-silestone/
versailles-ivory-quartz-silestone,Versailles Ivory Quartz,Silestone,Cuarț Compozit,Alb Pur & Cristal,Mobilier scandinav de lux cu riflaje fine din lemn masiv și blat antibacterian,versailles-ivory-quartz-silestone_0.avif,,,https://top-blat.ro/produs/versailles-ivory-quartz-silestone/
ethereal-noctis-quartz-silestone,Ethereal Noctis Quartz,Silestone,Cuarț Compozit,Alb Pur & Cristal,Mobilier scandinav de lux cu riflaje fine din lemn masiv și blat antibacterian,ethereal-noctis-quartz-silestone_0.avif,,,https://top-blat.ro/produs/ethereal-noctis-quartz-silestone/
toscana-cream-quartz-silestone,Toscana Cream Quartz,Silestone,Cuarț Compozit,Bej Cald & Nisipiu,Mobilier clasic contemporan din stejar periat natur și canturi bizotate,toscana-cream-quartz-silestone_0.avif,,,https://top-blat.ro/produs/toscana-cream-quartz-silestone/
bohemian-flame-quartz-silestone,Bohemian Flame Quartz,Silestone,Cuarț Compozit,Alb Pur & Cristal,Mobilier scandinav de lux cu riflaje fine din lemn masiv și blat antibacterian,bohemian-flame-quartz-silestone_0.avif,,,https://top-blat.ro/produs/bohemian-flame-quartz-silestone/
eclectic-pearl-quartz-silestone,Eclectic Pearl Quartz,Silestone,Cuarț Compozit,Alb Pur & Cristal,Mobilier scandinav de lux cu riflaje fine din lemn masiv și blat antibacterian,eclectic-pearl-quartz-silestone_0.avif,,,https://top-blat.ro/produs/eclectic-pearl-quartz-silestone/
parisien-bleu-quartz-silestone,Parisien Bleu Quartz,Silestone,Cuarț Compozit,Alb Pur & Cristal,Mobilier scandinav de lux cu riflaje fine din lemn masiv și blat antibacterian,parisien-bleu-quartz-silestone_0.avif,,,https://top-blat.ro/produs/parisien-bleu-quartz-silestone/
romantic-ash-quartz-silestone,Romantic Ash Quartz,Silestone,Cuarț Compozit,Alb Pur & Cristal,Mobilier scandinav de lux cu riflaje fine din lemn masiv și blat antibacterian,romantic-ash-quartz-silestone_0.avif,,,https://top-blat.ro/produs/romantic-ash-quartz-silestone/
katanya-quartz-cimstone,Katanya Quartz,Cimstone,Cuarț Compozit,Alb Pur & Cristal,Mobilier scandinav de lux cu riflaje fine din lemn masiv și blat antibacterian,katanya-quartz-cimstone_0.avif,top-blat-assets/luxury/products/katanya-quartz-cimstone_luxury.webp,top-blat-assets/luxury/cards/katanya-quartz-cimstone_card.webp,https://top-blat.ro/produs/katanya-quartz-cimstone/
carbone-quartz-cimstone,Carbone Quartz,Cimstone,Cuarț Compozit,Alb Pur & Cristal,Mobilier scandinav de lux cu riflaje fine din lemn masiv și blat antibacterian,carbone-quartz-cimstone_0.avif,top-blat-assets/luxury/products/carbone-quartz-cimstone_luxury.webp,top-blat-assets/luxury/cards/carbone-quartz-cimstone_card.webp,https://top-blat.ro/produs/carbone-quartz-cimstone/
versillia-quartz-cimstone,Versillia Quartz,Cimstone,Cuarț Compozit,Alb Pur & Cristal,Mobilier scandinav de lux cu riflaje fine din lemn masiv și blat antibacterian,versillia-quartz-cimstone_0.avif,top-blat-assets/luxury/products/versillia-quartz-cimstone_luxury.webp,top-blat-assets/luxury/cards/versillia-quartz-cimstone_card.webp,https://top-blat.ro/produs/versillia-quartz-cimstone/
olympos-quartz-cimstone,Olympos Quartz,Cimstone,Cuarț Compozit,Alb Pur & Cristal,Mobilier scandinav de lux cu riflaje fine din lemn masiv și blat antibacterian,olympos-quartz-cimstone_0.avif,top-blat-assets/luxury/products/olympos-quartz-cimstone_luxury.webp,top-blat-assets/luxury/cards/olympos-quartz-cimstone_card.webp,https://top-blat.ro/produs/olympos-quartz-cimstone/
lapland-quartz-cimstone,Lapland Quartz,Cimstone,Cuarț Compozit,Alb Pur & Cristal,Mobilier scandinav de lux cu riflaje fine din lemn masiv și blat antibacterian,lapland-quartz-cimstone_0.avif,top-blat-assets/luxury/products/lapland-quartz-cimstone_luxury.webp,top-blat-assets/luxury/cards/lapland-quartz-cimstone_card.webp,https://top-blat.ro/produs/lapland-quartz-cimstone/
tiber-quartz-cimstone,Tiber Quartz,Cimstone,Cuarț Compozit,Alb Pur & Cristal,Mobilier scandinav de lux cu riflaje fine din lemn masiv și blat antibacterian,tiber-quartz-cimstone_0.avif,top-blat-assets/luxury/products/tiber-quartz-cimstone_luxury.webp,top-blat-assets/luxury/cards/tiber-quartz-cimstone_card.webp,https://top-blat.ro/produs/tiber-quartz-cimstone/
boreas-quartz-cimstone,Boreas Quartz,Cimstone,Cuarț Compozit,Alb Pur & Cristal,Mobilier scandinav de lux cu riflaje fine din lemn masiv și blat antibacterian,boreas-quartz-cimstone_0.avif,top-blat-assets/luxury/products/boreas-quartz-cimstone_luxury.webp,top-blat-assets/luxury/cards/boreas-quartz-cimstone_card.webp,https://top-blat.ro/produs/boreas-quartz-cimstone/
elvas-quartz-cimstone,Elvas Quartz,Cimstone,Cuarț Compozit,Alb Pur & Cristal,Mobilier scandinav de lux cu riflaje fine din lemn masiv și blat antibacterian,elvas-quartz-cimstone_0.avif,top-blat-assets/luxury/products/elvas-quartz-cimstone_luxury.webp,top-blat-assets/luxury/cards/elvas-quartz-cimstone_card.webp,https://top-blat.ro/produs/elvas-quartz-cimstone/
smyrna-quartz-cimstone,Smyrna Quartz,Cimstone,Cuarț Compozit,Alb Pur & Cristal,Mobilier scandinav de lux cu riflaje fine din lemn masiv și blat antibacterian,smyrna-quartz-cimstone_0.avif,top-blat-assets/luxury/products/smyrna-quartz-cimstone_luxury.webp,top-blat-assets/luxury/cards/smyrna-quartz-cimstone_card.webp,https://top-blat.ro/produs/smyrna-quartz-cimstone/
etna-quartz-cimstone,Etna Quartz,Cimstone,Cuarț Compozit,Alb Pur & Cristal,Mobilier scandinav de lux cu riflaje fine din lemn masiv și blat antibacterian,etna-quartz-cimstone_0.avif,top-blat-assets/luxury/products/etna-quartz-cimstone_luxury.webp,top-blat-assets/luxury/cards/etna-quartz-cimstone_card.webp,https://top-blat.ro/produs/etna-quartz-cimstone/
lapland-quartz-cimstone,Lapland Quartz,Cimstone,Cuarț Compozit,Alb Pur & Cristal,Mobilier scandinav de lux cu riflaje fine din lemn masiv și blat antibacterian,lapland-quartz-cimstone_0.avif,top-blat-assets/luxury/products/lapland-quartz-cimstone_luxury.webp,top-blat-assets/luxury/cards/lapland-quartz-cimstone_card.webp,https://top-blat.ro/produs/lapland-quartz-cimstone/
olympos-quartz-cimstone,Olympos Quartz,Cimstone,Cuarț Compozit,Alb Pur & Cristal,Mobilier scandinav de lux cu riflaje fine din lemn masiv și blat antibacterian,olympos-quartz-cimstone_0.avif,top-blat-assets/luxury/products/olympos-quartz-cimstone_luxury.webp,top-blat-assets/luxury/cards/olympos-quartz-cimstone_card.webp,https://top-blat.ro/produs/olympos-quartz-cimstone/
versillia-quartz-cimstone,Versillia Quartz,Cimstone,Cuarț Compozit,Alb Pur & Cristal,Mobilier scandinav de lux cu riflaje fine din lemn masiv și blat antibacterian,versillia-quartz-cimstone_0.avif,top-blat-assets/luxury/products/versillia-quartz-cimstone_luxury.webp,top-blat-assets/luxury/cards/versillia-quartz-cimstone_card.webp,https://top-blat.ro/produs/versillia-quartz-cimstone/
carbone-quartz-cimstone,Carbone Quartz,Cimstone,Cuarț Compozit,Alb Pur & Cristal,Mobilier scandinav de lux cu riflaje fine din lemn masiv și blat antibacterian,carbone-quartz-cimstone_0.avif,top-blat-assets/luxury/products/carbone-quartz-cimstone_luxury.webp,top-blat-assets/luxury/cards/carbone-quartz-cimstone_card.webp,https://top-blat.ro/produs/carbone-quartz-cimstone/
katanya-quartz-cimstone,Katanya Quartz,Cimstone,Cuarț Compozit,Alb Pur & Cristal,Mobilier scandinav de lux cu riflaje fine din lemn masiv și blat antibacterian,katanya-quartz-cimstone_0.avif,top-blat-assets/luxury/products/katanya-quartz-cimstone_luxury.webp,top-blat-assets/luxury/cards/katanya-quartz-cimstone_card.webp,https://top-blat.ro/produs/katanya-quartz-cimstone/
tiber-quartz-cimstone,Tiber Quartz,Cimstone,Cuarț Compozit,Alb Pur & Cristal,Mobilier scandinav de lux cu riflaje fine din lemn masiv și blat antibacterian,tiber-quartz-cimstone_0.avif,top-blat-assets/luxury/products/tiber-quartz-cimstone_luxury.webp,top-blat-assets/luxury/cards/tiber-quartz-cimstone_card.webp,https://top-blat.ro/produs/tiber-quartz-cimstone/
zephyr-ceramica-atlas-plan,Zephyr Ceramica,Atlas Plan,Ceramică Sinterizată,Alb Pur & Cristal,Mobilier scandinav de lux cu riflaje fine din lemn masiv și blat antibacterian,zephyr-ceramica-atlas-plan_0.webp,top-blat-assets/luxury/products/zephyr-ceramica-atlas-plan_luxury.webp,top-blat-assets/luxury/cards/zephyr-ceramica-atlas-plan_card.webp,https://top-blat.ro/produs/zephyr-ceramica-atlas-plan/
nyra-hay-ceramica-atlas-plan,Nyra Hay Ceramica,Atlas Plan,Ceramică Sinterizată,Alb Pur & Cristal,Mobilier scandinav de lux cu riflaje fine din lemn masiv și blat antibacterian,nyra-hay-ceramica-atlas-plan_0.webp,top-blat-assets/luxury/products/nyra-hay-ceramica-atlas-plan_luxury.webp,top-blat-assets/luxury/cards/nyra-hay-ceramica-atlas-plan_card.webp,https://top-blat.ro/produs/nyra-hay-ceramica-atlas-plan/
nyra-mist-ceramica-atlas-plan,Nyra Mist Ceramica,Atlas Plan,Ceramică Sinterizată,Alb Pur & Cristal,Mobilier scandinav de lux cu riflaje fine din lemn masiv și blat antibacterian,nyra-mist-ceramica-atlas-plan_0.webp,top-blat-assets/luxury/products/nyra-mist-ceramica-atlas-plan_luxury.webp,top-blat-assets/luxury/cards/nyra-mist-ceramica-atlas-plan_card.webp,https://top-blat.ro/produs/nyra-mist-ceramica-atlas-plan/
nyra-ambrosia-ceramica-atlas-plan,Nyra Ambrosia Ceramica,Atlas Plan,Ceramică Sinterizată,Alb Pur & Cristal,Mobilier scandinav de lux cu riflaje fine din lemn masiv și blat antibacterian,nyra-ambrosia-ceramica-atlas-plan_0.webp,top-blat-assets/luxury/products/nyra-ambrosia-ceramica-atlas-plan_luxury.webp,top-blat-assets/luxury/cards/nyra-ambrosia-ceramica-atlas-plan_card.webp,https://top-blat.ro/produs/nyra-ambrosia-ceramica-atlas-plan/
boost-vision-glow-ceramica-atlas-plan,Boost Vision Glow Ceramica,Atlas Plan,Ceramică Sinterizată,Alb Pur & Cristal,Mobilier scandinav de lux cu riflaje fine din lemn masiv și blat antibacterian,boost-vision-glow-ceramica-atlas-plan_0.webp,top-blat-assets/luxury/products/boost-vision-glow-ceramica-atlas-plan_luxury.webp,top-blat-assets/luxury/cards/boost-vision-glow-ceramica-atlas-plan_card.webp,https://top-blat.ro/produs/boost-vision-glow-ceramica-atlas-plan/
boost-vision-camel-ceramica-atlas-plan,Boost Vision Camel Ceramica,Atlas Plan,Ceramică Sinterizată,Alb Pur & Cristal,Mobilier scandinav de lux cu riflaje fine din lemn masiv și blat antibacterian,boost-vision-camel-ceramica-atlas-plan_0.webp,top-blat-assets/luxury/products/boost-vision-camel-ceramica-atlas-plan_luxury.webp,top-blat-assets/luxury/cards/boost-vision-camel-ceramica-atlas-plan_card.webp,https://top-blat.ro/produs/boost-vision-camel-ceramica-atlas-plan/
appennino-ceramica-atlas-plan,Appennino Ceramica,Atlas Plan,Ceramică Sinterizată,Alb Pur & Cristal,Mobilier scandinav de lux cu riflaje fine din lemn masiv și blat antibacterian,appennino-ceramica-atlas-plan_0.webp,top-blat-assets/luxury/products/appennino-ceramica-atlas-plan_luxury.webp,top-blat-assets/luxury/cards/appennino-ceramica-atlas-plan_card.webp,https://top-blat.ro/produs/appennino-ceramica-atlas-plan/
silver-root-ceramica-atlas-plan,Silver Root Ceramica,Atlas Plan,Ceramică Sinterizată,Alb Pur & Cristal,Mobilier scandinav de lux cu riflaje fine din lemn masiv și blat antibacterian,silver-root-ceramica-atlas-plan_0.webp,top-blat-assets/luxury/products/silver-root-ceramica-atlas-plan_luxury.webp,top-blat-assets/luxury/cards/silver-root-ceramica-atlas-plan_card.webp,https://top-blat.ro/produs/silver-root-ceramica-atlas-plan/
calacatta-gold-ceramica-atlas-plan,Calacatta Gold Ceramica,Atlas Plan,Ceramică Sinterizată,Alb & Calacatta Gold,Mobilier bucătărie cu fronturi Nuc American & Insulă masivă monolit,calacatta-gold-ceramica-atlas-plan_0.webp,top-blat-assets/luxury/products/calacatta-gold-ceramica-atlas-plan_luxury.webp,top-blat-assets/luxury/cards/calacatta-gold-ceramica-atlas-plan_card.webp,https://top-blat.ro/produs/calacatta-gold-ceramica-atlas-plan/
calacatta-meraviglia-ceramica-atlas-plan,Calacatta Meraviglia Ceramica,Atlas Plan,Ceramică Sinterizată,Alb & Calacatta Gold,Mobilier bucătărie cu fronturi Nuc American & Insulă masivă monolit,calacatta-meraviglia-ceramica-atlas-plan_0.webp,top-blat-assets/luxury/products/calacatta-meraviglia-ceramica-atlas-plan_luxury.webp,top-blat-assets/luxury/cards/calacatta-meraviglia-ceramica-atlas-plan_card.webp,https://top-blat.ro/produs/calacatta-meraviglia-ceramica-atlas-plan/
calacatta-bernini-ceramica-atlas-plan,Calacatta Bernini Ceramica,Atlas Plan,Ceramică Sinterizată,Alb & Calacatta Gold,Mobilier bucătărie cu fronturi Nuc American & Insulă masivă monolit,calacatta-bernini-ceramica-atlas-plan_0.webp,top-blat-assets/luxury/products/calacatta-bernini-ceramica-atlas-plan_luxury.webp,top-blat-assets/luxury/cards/calacatta-bernini-ceramica-atlas-plan_card.webp,https://top-blat.ro/produs/calacatta-bernini-ceramica-atlas-plan/
natural-roots-ceramica-atlas-plan,Natural Roots Ceramica,Atlas Plan,Ceramică Sinterizată,Alb Pur & Cristal,Mobilier scandinav de lux cu riflaje fine din lemn masiv și blat antibacterian,natural-roots-ceramica-atlas-plan_0.webp,top-blat-assets/luxury/products/natural-roots-ceramica-atlas-plan_luxury.webp,top-blat-assets/luxury/cards/natural-roots-ceramica-atlas-plan_card.webp,https://top-blat.ro/produs/natural-roots-ceramica-atlas-plan/
alpinus-ceramica-atlas-plan,Alpinus Ceramica,Atlas Plan,Ceramică Sinterizată,Alb Pur & Cristal,Mobilier scandinav de lux cu riflaje fine din lemn masiv și blat antibacterian,alpinus-ceramica-atlas-plan_0.webp,top-blat-assets/luxury/products/alpinus-ceramica-atlas-plan_luxury.webp,top-blat-assets/luxury/cards/alpinus-ceramica-atlas-plan_card.webp,https://top-blat.ro/produs/alpinus-ceramica-atlas-plan/
onyx-ivory-ceramica-atlas-plan,Onyx Ivory Ceramica,Atlas Plan,Ceramică Sinterizată,Alb Pur & Cristal,Mobilier scandinav de lux cu riflaje fine din lemn masiv și blat antibacterian,onyx-ivory-ceramica-atlas-plan_0.webp,top-blat-assets/luxury/products/onyx-ivory-ceramica-atlas-plan_luxury.webp,top-blat-assets/luxury/cards/onyx-ivory-ceramica-atlas-plan_card.webp,https://top-blat.ro/produs/onyx-ivory-ceramica-atlas-plan/
mora-quartz-cimstone,Mora Quartz,Cimstone,Cuarț Compozit,Alb Pur & Cristal,Mobilier scandinav de lux cu riflaje fine din lemn masiv și blat antibacterian,mora-quartz-cimstone_0.avif,top-blat-assets/luxury/products/mora-quartz-cimstone_luxury.webp,top-blat-assets/luxury/cards/mora-quartz-cimstone_card.webp,https://top-blat.ro/produs/mora-quartz-cimstone/
savana-quartz-cimstone,Savana Quartz,Cimstone,Cuarț Compozit,Alb Pur & Cristal,Mobilier scandinav de lux cu riflaje fine din lemn masiv și blat antibacterian,savana-quartz-cimstone_0.avif,top-blat-assets/luxury/products/savana-quartz-cimstone_luxury.webp,top-blat-assets/luxury/cards/savana-quartz-cimstone_card.webp,https://top-blat.ro/produs/savana-quartz-cimstone/
terra-quartz-cimstone,Terra Quartz,Cimstone,Cuarț Compozit,Alb Pur & Cristal,Mobilier scandinav de lux cu riflaje fine din lemn masiv și blat antibacterian,terra-quartz-cimstone_0.avif,top-blat-assets/luxury/products/terra-quartz-cimstone_luxury.webp,top-blat-assets/luxury/cards/terra-quartz-cimstone_card.webp,https://top-blat.ro/produs/terra-quartz-cimstone/
troas-quartz-cimstone,Troas Quartz,Cimstone,Cuarț Compozit,Alb Pur & Cristal,Mobilier scandinav de lux cu riflaje fine din lemn masiv și blat antibacterian,troas-quartz-cimstone_0.avif,top-blat-assets/luxury/products/troas-quartz-cimstone_luxury.webp,top-blat-assets/luxury/cards/troas-quartz-cimstone_card.webp,https://top-blat.ro/produs/troas-quartz-cimstone/
travertino-halo-white-ceramica-atlas-plan,Travertino Halo White Ceramica,Atlas Plan,Ceramică Sinterizată,Alb Pur & Cristal,Mobilier scandinav de lux cu riflaje fine din lemn masiv și blat antibacterian,travertino-halo-white-ceramica-atlas-plan_0.webp,top-blat-assets/luxury/products/travertino-halo-white-ceramica-atlas-plan_luxury.webp,top-blat-assets/luxury/cards/travertino-halo-white-ceramica-atlas-plan_card.webp,https://top-blat.ro/produs/travertino-halo-white-ceramica-atlas-plan/
travertino-navona-white-ceramica-atlas-plan,Travertino Navona White Ceramica,Atlas Plan,Ceramică Sinterizată,Alb Pur & Cristal,Mobilier scandinav de lux cu riflaje fine din lemn masiv și blat antibacterian,travertino-navona-white-ceramica-atlas-plan_0.webp,top-blat-assets/luxury/products/travertino-navona-white-ceramica-atlas-plan_luxury.webp,top-blat-assets/luxury/cards/travertino-navona-white-ceramica-atlas-plan_card.webp,https://top-blat.ro/produs/travertino-navona-white-ceramica-atlas-plan/
travertino-romano-silver-ceramica-atlas-plan,Travertino Romano Silver Ceramica,Atlas Plan,Ceramică Sinterizată,Alb Pur & Cristal,Mobilier scandinav de lux cu riflaje fine din lemn masiv și blat antibacterian,travertino-romano-silver-ceramica-atlas-plan_0.webp,top-blat-assets/luxury/products/travertino-romano-silver-ceramica-atlas-plan_luxury.webp,top-blat-assets/luxury/cards/travertino-romano-silver-ceramica-atlas-plan_card.webp,https://top-blat.ro/produs/travertino-romano-silver-ceramica-atlas-plan/
travertino-romano-sand-ceramica-atlas-plan,Travertino Romano Sand Ceramica,Atlas Plan,Ceramică Sinterizată,Bej Cald & Nisipiu,Mobilier clasic contemporan din stejar periat natur și canturi bizotate,travertino-romano-sand-ceramica-atlas-plan_0.webp,top-blat-assets/luxury/products/travertino-romano-sand-ceramica-atlas-plan_luxury.webp,top-blat-assets/luxury/cards/travertino-romano-sand-ceramica-atlas-plan_card.webp,https://top-blat.ro/produs/travertino-romano-sand-ceramica-atlas-plan/
taj-mahal-white-ceramica-atlas-plan,Taj Mahal White Ceramica,Atlas Plan,Ceramică Sinterizată,Alb & Calacatta Gold,Mobilier bucătărie cu fronturi Nuc American & Insulă masivă monolit,taj-mahal-white-ceramica-atlas-plan_0.webp,top-blat-assets/luxury/products/taj-mahal-white-ceramica-atlas-plan_luxury.webp,top-blat-assets/luxury/cards/taj-mahal-white-ceramica-atlas-plan_card.webp,https://top-blat.ro/produs/taj-mahal-white-ceramica-atlas-plan/
taj-mahal-noisette-ceramica-atlas-plan,Taj Mahal Noisette Ceramica,Atlas Plan,Ceramică Sinterizată,Alb & Calacatta Gold,Mobilier bucătărie cu fronturi Nuc American & Insulă masivă monolit,taj-mahal-noisette-ceramica-atlas-plan_0.webp,top-blat-assets/luxury/products/taj-mahal-noisette-ceramica-atlas-plan_luxury.webp,top-blat-assets/luxury/cards/taj-mahal-noisette-ceramica-atlas-plan_card.webp,https://top-blat.ro/produs/taj-mahal-noisette-ceramica-atlas-plan/
calacatta-viola-ceramica-atlas-plan,Calacatta Viola Ceramica,Atlas Plan,Ceramică Sinterizată,Alb & Calacatta Gold,Mobilier bucătărie cu fronturi Nuc American & Insulă masivă monolit,calacatta-viola-ceramica-atlas-plan_0.webp,top-blat-assets/luxury/products/calacatta-viola-ceramica-atlas-plan_luxury.webp,top-blat-assets/luxury/cards/calacatta-viola-ceramica-atlas-plan_card.webp,https://top-blat.ro/produs/calacatta-viola-ceramica-atlas-plan/
calacatta-delicato-ceramica-atlas-plan,Calacatta Delicato Ceramica,Atlas Plan,Ceramică Sinterizată,Alb & Calacatta Gold,Mobilier bucătărie cu fronturi Nuc American & Insulă masivă monolit,calacatta-delicato-ceramica-atlas-plan_0.webp,top-blat-assets/luxury/products/calacatta-delicato-ceramica-atlas-plan_luxury.webp,top-blat-assets/luxury/cards/calacatta-delicato-ceramica-atlas-plan_card.webp,https://top-blat.ro/produs/calacatta-delicato-ceramica-atlas-plan/
calacatta-imperiale-ceramica-atlas-plan,Calacatta Imperiale Ceramica,Atlas Plan,Ceramică Sinterizată,Alb & Calacatta Gold,Mobilier bucătărie cu fronturi Nuc American & Insulă masivă monolit,calacatta-imperiale-ceramica-atlas-plan_0.webp,top-blat-assets/luxury/products/calacatta-imperiale-ceramica-atlas-plan_luxury.webp,top-blat-assets/luxury/cards/calacatta-imperiale-ceramica-atlas-plan_card.webp,https://top-blat.ro/produs/calacatta-imperiale-ceramica-atlas-plan/
calacatta-antique-ceramica-atlas-plan,Calacatta Antique Ceramica,Atlas Plan,Ceramică Sinterizată,Alb & Calacatta Gold,Mobilier bucătărie cu fronturi Nuc American & Insulă masivă monolit,calacatta-antique-ceramica-atlas-plan_0.webp,top-blat-assets/luxury/products/calacatta-antique-ceramica-atlas-plan_luxury.webp,top-blat-assets/luxury/cards/calacatta-antique-ceramica-atlas-plan_card.webp,https://top-blat.ro/produs/calacatta-antique-ceramica-atlas-plan/
calacatta-extra-ceramica-atlas-plan,Calacatta Extra Ceramica,Atlas Plan,Ceramică Sinterizată,Alb & Calacatta Gold,Mobilier bucătărie cu fronturi Nuc American & Insulă masivă monolit,calacatta-extra-ceramica-atlas-plan_0.webp,top-blat-assets/luxury/products/calacatta-extra-ceramica-atlas-plan_luxury.webp,top-blat-assets/luxury/cards/calacatta-extra-ceramica-atlas-plan_card.webp,https://top-blat.ro/produs/calacatta-extra-ceramica-atlas-plan/
calacatta-apuano-ceramica-atlas-plan,Calacatta Apuano Ceramica,Atlas Plan,Ceramică Sinterizată,Alb & Calacatta Gold,Mobilier bucătărie cu fronturi Nuc American & Insulă masivă monolit,calacatta-apuano-ceramica-atlas-plan_0.webp,top-blat-assets/luxury/products/calacatta-apuano-ceramica-atlas-plan_luxury.webp,top-blat-assets/luxury/cards/calacatta-apuano-ceramica-atlas-plan_card.webp,https://top-blat.ro/produs/calacatta-apuano-ceramica-atlas-plan/
exotic-wave-ceramica-atlas-plan,Exotic Wave Ceramica,Atlas Plan,Ceramică Sinterizată,Alb Pur & Cristal,Mobilier scandinav de lux cu riflaje fine din lemn masiv și blat antibacterian,exotic-wave-ceramica-atlas-plan_0.webp,top-blat-assets/luxury/products/exotic-wave-ceramica-atlas-plan_luxury.webp,top-blat-assets/luxury/cards/exotic-wave-ceramica-atlas-plan_card.webp,https://top-blat.ro/produs/exotic-wave-ceramica-atlas-plan/
desert-soul-ceramica-atlas-plan,Desert Soul Ceramica,Atlas Plan,Ceramică Sinterizată,Bej Cald & Nisipiu,Mobilier clasic contemporan din stejar periat natur și canturi bizotate,desert-soul-ceramica-atlas-plan_0.webp,top-blat-assets/luxury/products/desert-soul-ceramica-atlas-plan_luxury.webp,top-blat-assets/luxury/cards/desert-soul-ceramica-atlas-plan_card.webp,https://top-blat.ro/produs/desert-soul-ceramica-atlas-plan/
sky-stone-ceramica-atlas-plan,Sky Stone Ceramica,Atlas Plan,Ceramică Sinterizată,Alb Pur & Cristal,Mobilier scandinav de lux cu riflaje fine din lemn masiv și blat antibacterian,sky-stone-ceramica-atlas-plan_0.webp,top-blat-assets/luxury/products/sky-stone-ceramica-atlas-plan_luxury.webp,top-blat-assets/luxury/cards/sky-stone-ceramica-atlas-plan_card.webp,https://top-blat.ro/produs/sky-stone-ceramica-atlas-plan/
cream-prestige-ceramica-atlas-plan,Cream Prestige Ceramica,Atlas Plan,Ceramică Sinterizată,Bej Cald & Nisipiu,Mobilier clasic contemporan din stejar periat natur și canturi bizotate,cream-prestige-ceramica-atlas-plan_0.webp,top-blat-assets/luxury/products/cream-prestige-ceramica-atlas-plan_luxury.webp,top-blat-assets/luxury/cards/cream-prestige-ceramica-atlas-plan_card.webp,https://top-blat.ro/produs/cream-prestige-ceramica-atlas-plan/
travertino-sand-ceramica-atlas-plan,Travertino Sand Ceramica,Atlas Plan,Ceramică Sinterizată,Bej Cald & Nisipiu,Mobilier clasic contemporan din stejar periat natur și canturi bizotate,travertino-sand-ceramica-atlas-plan_0.webp,top-blat-assets/luxury/products/travertino-sand-ceramica-atlas-plan_luxury.webp,top-blat-assets/luxury/cards/travertino-sand-ceramica-atlas-plan_card.webp,https://top-blat.ro/produs/travertino-sand-ceramica-atlas-plan/
travertino-pearl-ceramica-atlas-plan,Travertino Pearl Ceramica,Atlas Plan,Ceramică Sinterizată,Alb Pur & Cristal,Mobilier scandinav de lux cu riflaje fine din lemn masiv și blat antibacterian,travertino-pearl-ceramica-atlas-plan_0.webp,top-blat-assets/luxury/products/travertino-pearl-ceramica-atlas-plan_luxury.webp,top-blat-assets/luxury/cards/travertino-pearl-ceramica-atlas-plan_card.webp,https://top-blat.ro/produs/travertino-pearl-ceramica-atlas-plan/
travertino-white-ceramica-atlas-plan,Travertino White Ceramica,Atlas Plan,Ceramică Sinterizată,Alb Pur & Cristal,Mobilier scandinav de lux cu riflaje fine din lemn masiv și blat antibacterian,travertino-white-ceramica-atlas-plan_0.webp,top-blat-assets/luxury/products/travertino-white-ceramica-atlas-plan_luxury.webp,top-blat-assets/luxury/cards/travertino-white-ceramica-atlas-plan_card.webp,https://top-blat.ro/produs/travertino-white-ceramica-atlas-plan/
taj-mahal-ceramica-atlas-plan,Taj Mahal Ceramica,Atlas Plan,Ceramică Sinterizată,Alb & Calacatta Gold,Mobilier bucătărie cu fronturi Nuc American & Insulă masivă monolit,taj-mahal-ceramica-atlas-plan_0.webp,top-blat-assets/luxury/products/taj-mahal-ceramica-atlas-plan_luxury.webp,top-blat-assets/luxury/cards/taj-mahal-ceramica-atlas-plan_card.webp,https://top-blat.ro/produs/taj-mahal-ceramica-atlas-plan/
statuario-supremo-20-mm-ceramica-atlas-plan,Statuario Supremo 20 Mm Ceramica,Atlas Plan,Ceramică Sinterizată,Alb & Calacatta Gold,Mobilier bucătărie cu fronturi Nuc American & Insulă masivă monolit,statuario-supremo-20-mm-ceramica-atlas-plan_0.webp,top-blat-assets/luxury/products/statuario-supremo-20-mm-ceramica-atlas-plan_luxury.webp,top-blat-assets/luxury/cards/statuario-supremo-20-mm-ceramica-atlas-plan_card.webp,https://top-blat.ro/produs/statuario-supremo-20-mm-ceramica-atlas-plan/
calacatta-prestigio-ceramica-atlas-plan,Calacatta Prestigio Ceramica,Atlas Plan,Ceramică Sinterizată,Alb & Calacatta Gold,Mobilier bucătărie cu fronturi Nuc American & Insulă masivă monolit,calacatta-prestigio-ceramica-atlas-plan_0.webp,top-blat-assets/luxury/products/calacatta-prestigio-ceramica-atlas-plan_luxury.webp,top-blat-assets/luxury/cards/calacatta-prestigio-ceramica-atlas-plan_card.webp,https://top-blat.ro/produs/calacatta-prestigio-ceramica-atlas-plan/
crystal-white-ceramica-atlas-plan,Crystal White Ceramica,Atlas Plan,Ceramică Sinterizată,Alb Pur & Cristal,Mobilier scandinav de lux cu riflaje fine din lemn masiv și blat antibacterian,crystal-white-ceramica-atlas-plan_0.webp,top-blat-assets/luxury/products/crystal-white-ceramica-atlas-plan_luxury.webp,top-blat-assets/luxury/cards/crystal-white-ceramica-atlas-plan_card.webp,https://top-blat.ro/produs/crystal-white-ceramica-atlas-plan/
onyx-white-ceramica-atlas-plan,Onyx White Ceramica,Atlas Plan,Ceramică Sinterizată,Alb Pur & Cristal,Mobilier scandinav de lux cu riflaje fine din lemn masiv și blat antibacterian,onyx-white-ceramica-atlas-plan_0.webp,top-blat-assets/luxury/products/onyx-white-ceramica-atlas-plan_luxury.webp,top-blat-assets/luxury/cards/onyx-white-ceramica-atlas-plan_card.webp,https://top-blat.ro/produs/onyx-white-ceramica-atlas-plan/
ice-crystal-ceramica-atlas-plan,Ice Crystal Ceramica,Atlas Plan,Ceramică Sinterizată,Alb Pur & Cristal,Mobilier scandinav de lux cu riflaje fine din lemn masiv și blat antibacterian,ice-crystal-ceramica-atlas-plan_0.webp,top-blat-assets/luxury/products/ice-crystal-ceramica-atlas-plan_luxury.webp,top-blat-assets/luxury/cards/ice-crystal-ceramica-atlas-plan_card.webp,https://top-blat.ro/produs/ice-crystal-ceramica-atlas-plan/
bianco-dolomite-ceramica-atlas-plan,Bianco Dolomite Ceramica,Atlas Plan,Ceramică Sinterizată,Alb Pur & Cristal,Mobilier scandinav de lux cu riflaje fine din lemn masiv și blat antibacterian,bianco-dolomite-ceramica-atlas-plan_0.webp,top-blat-assets/luxury/products/bianco-dolomite-ceramica-atlas-plan_luxury.webp,top-blat-assets/luxury/cards/bianco-dolomite-ceramica-atlas-plan_card.webp,https://top-blat.ro/produs/bianco-dolomite-ceramica-atlas-plan/
statuario-supremo-ceramica-atlas-plan,Statuario Supremo Ceramica,Atlas Plan,Ceramică Sinterizată,Alb & Calacatta Gold,Mobilier bucătărie cu fronturi Nuc American & Insulă masivă monolit,statuario-supremo-ceramica-atlas-plan_0.webp,top-blat-assets/luxury/products/statuario-supremo-ceramica-atlas-plan_luxury.webp,top-blat-assets/luxury/cards/statuario-supremo-ceramica-atlas-plan_card.webp,https://top-blat.ro/produs/statuario-supremo-ceramica-atlas-plan/
black-atlantis-ceramica-atlas-plan,Black Atlantis Ceramica,Atlas Plan,Ceramică Sinterizată,Negru Obsidian & Grafit,Mobilier minimalist cu fronturi negre supermate și iluminare caldă LED integrată,black-atlantis-ceramica-atlas-plan_0.webp,top-blat-assets/luxury/products/black-atlantis-ceramica-atlas-plan_luxury.webp,top-blat-assets/luxury/cards/black-atlantis-ceramica-atlas-plan_card.webp,https://top-blat.ro/produs/black-atlantis-ceramica-atlas-plan/
boost-icor-bone-ceramica-atlas-plan,Boost Icor Bone Ceramica,Atlas Plan,Ceramică Sinterizată,Alb Pur & Cristal,Mobilier scandinav de lux cu riflaje fine din lemn masiv și blat antibacterian,boost-icor-bone-ceramica-atlas-plan_0.webp,top-blat-assets/luxury/products/boost-icor-bone-ceramica-atlas-plan_luxury.webp,top-blat-assets/luxury/cards/boost-icor-bone-ceramica-atlas-plan_card.webp,https://top-blat.ro/produs/boost-icor-bone-ceramica-atlas-plan/
boost-icor-dune-ceramica-atlas-plan,Boost Icor Dune Ceramica,Atlas Plan,Ceramică Sinterizată,Alb Pur & Cristal,Mobilier scandinav de lux cu riflaje fine din lemn masiv și blat antibacterian,boost-icor-dune-ceramica-atlas-plan_0.webp,top-blat-assets/luxury/products/boost-icor-dune-ceramica-atlas-plan_luxury.webp,top-blat-assets/luxury/cards/boost-icor-dune-ceramica-atlas-plan_card.webp,https://top-blat.ro/produs/boost-icor-dune-ceramica-atlas-plan/
boost-icor-stone-ivory-ceramica-atlas-plan,Boost Icor Stone Ivory Ceramica,Atlas Plan,Ceramică Sinterizată,Alb Pur & Cristal,Mobilier scandinav de lux cu riflaje fine din lemn masiv și blat antibacterian,boost-icor-stone-ivory-ceramica-atlas-plan_0.webp,top-blat-assets/luxury/products/boost-icor-stone-ivory-ceramica-atlas-plan_luxury.webp,top-blat-assets/luxury/cards/boost-icor-stone-ivory-ceramica-atlas-plan_card.webp,https://top-blat.ro/produs/boost-icor-stone-ivory-ceramica-atlas-plan/
boost-mineral-grey-ceramica-atlas-plan,Boost Mineral Grey Ceramica,Atlas Plan,Ceramică Sinterizată,Gri Architectural & Beton,"Design industrial rafinat, cadre metalice bronz și vitrine fumurii",boost-mineral-grey-ceramica-atlas-plan_0.webp,top-blat-assets/luxury/products/boost-mineral-grey-ceramica-atlas-plan_luxury.webp,top-blat-assets/luxury/cards/boost-mineral-grey-ceramica-atlas-plan_card.webp,https://top-blat.ro/produs/boost-mineral-grey-ceramica-atlas-plan/
kone-mixt-ceramica-atlas-plan,Kone Mixt Ceramica,Atlas Plan,Ceramică Sinterizată,Alb Pur & Cristal,Mobilier scandinav de lux cu riflaje fine din lemn masiv și blat antibacterian,kone-mixt-ceramica-atlas-plan_0.webp,top-blat-assets/luxury/products/kone-mixt-ceramica-atlas-plan_luxury.webp,top-blat-assets/luxury/cards/kone-mixt-ceramica-atlas-plan_card.webp,https://top-blat.ro/produs/kone-mixt-ceramica-atlas-plan/
nero-marquina-ceramica-atlas-plan,Nero Marquina Ceramica,Atlas Plan,Ceramică Sinterizată,Negru Obsidian & Grafit,Mobilier minimalist cu fronturi negre supermate și iluminare caldă LED integrată,nero-marquina-ceramica-atlas-plan_0.webp,top-blat-assets/luxury/products/nero-marquina-ceramica-atlas-plan_luxury.webp,top-blat-assets/luxury/cards/nero-marquina-ceramica-atlas-plan_card.webp,https://top-blat.ro/produs/nero-marquina-ceramica-atlas-plan/
black-tempest-ceramica-atlas-plan,Black Tempest Ceramica,Atlas Plan,Ceramică Sinterizată,Negru Obsidian & Grafit,Mobilier minimalist cu fronturi negre supermate și iluminare caldă LED integrată,black-tempest-ceramica-atlas-plan_0.webp,top-blat-assets/luxury/products/black-tempest-ceramica-atlas-plan_luxury.webp,top-blat-assets/luxury/cards/black-tempest-ceramica-atlas-plan_card.webp,https://top-blat.ro/produs/black-tempest-ceramica-atlas-plan/
baobab-ceramica-atlas-plan,Baobab Ceramica,Atlas Plan,Ceramică Sinterizată,Alb Pur & Cristal,Mobilier scandinav de lux cu riflaje fine din lemn masiv și blat antibacterian,baobab-ceramica-atlas-plan_0.webp,top-blat-assets/luxury/products/baobab-ceramica-atlas-plan_luxury.webp,top-blat-assets/luxury/cards/baobab-ceramica-atlas-plan_card.webp,https://top-blat.ro/produs/baobab-ceramica-atlas-plan/
precious-brown-ceramica-atlas-plan,Precious Brown Ceramica,Atlas Plan,Ceramică Sinterizată,Alb Pur & Cristal,Mobilier scandinav de lux cu riflaje fine din lemn masiv și blat antibacterian,precious-brown-ceramica-atlas-plan_0.webp,top-blat-assets/luxury/products/precious-brown-ceramica-atlas-plan_luxury.webp,top-blat-assets/luxury/cards/precious-brown-ceramica-atlas-plan_card.webp,https://top-blat.ro/produs/precious-brown-ceramica-atlas-plan/
grey-stone-ceramica-atlas-plan,Grey Stone Ceramica,Atlas Plan,Ceramică Sinterizată,Gri Architectural & Beton,"Design industrial rafinat, cadre metalice bronz și vitrine fumurii",grey-stone-ceramica-atlas-plan_0.webp,top-blat-assets/luxury/products/grey-stone-ceramica-atlas-plan_luxury.webp,top-blat-assets/luxury/cards/grey-stone-ceramica-atlas-plan_card.webp,https://top-blat.ro/produs/grey-stone-ceramica-atlas-plan/
light-grey-stone-ceramica-atlas-plane,Light Grey Stone Ceramicae,Atlas Plan,Ceramică Sinterizată,Gri Architectural & Beton,"Design industrial rafinat, cadre metalice bronz și vitrine fumurii",light-grey-stone-ceramica-atlas-plane_0.webp,top-blat-assets/luxury/products/light-grey-stone-ceramica-atlas-plane_luxury.webp,top-blat-assets/luxury/cards/light-grey-stone-ceramica-atlas-plane_card.webp,https://top-blat.ro/produs/light-grey-stone-ceramica-atlas-plane/
fior-di-bosco-ceramica-atlas-plan,Fior Di Bosco Ceramica,Atlas Plan,Ceramică Sinterizată,Alb Pur & Cristal,Mobilier scandinav de lux cu riflaje fine din lemn masiv și blat antibacterian,fior-di-bosco-ceramica-atlas-plan_0.webp,top-blat-assets/luxury/products/fior-di-bosco-ceramica-atlas-plan_luxury.webp,top-blat-assets/luxury/cards/fior-di-bosco-ceramica-atlas-plan_card.webp,https://top-blat.ro/produs/fior-di-bosco-ceramica-atlas-plan/
exotic-green-ceramica-atlas-plan,Exotic Green Ceramica,Atlas Plan,Ceramică Sinterizată,Nuanțe Speciale (Bleu / Verde),"Punct de accent pentru bar de cocktail, insulă decorativă sau recepție",exotic-green-ceramica-atlas-plan_0.webp,top-blat-assets/luxury/products/exotic-green-ceramica-atlas-plan_luxury.webp,top-blat-assets/luxury/cards/exotic-green-ceramica-atlas-plan_card.webp,https://top-blat.ro/produs/exotic-green-ceramica-atlas-plan/
noce-canaletto-ceramica-atlas-plan,Noce Canaletto Ceramica,Atlas Plan,Ceramică Sinterizată,Alb Pur & Cristal,Mobilier scandinav de lux cu riflaje fine din lemn masiv și blat antibacterian,noce-canaletto-ceramica-atlas-plan_0.webp,top-blat-assets/luxury/products/noce-canaletto-ceramica-atlas-plan_luxury.webp,top-blat-assets/luxury/cards/noce-canaletto-ceramica-atlas-plan_card.webp,https://top-blat.ro/produs/noce-canaletto-ceramica-atlas-plan/
soapstone-dark-ceramica-atlas-plan,Soapstone Dark Ceramica,Atlas Plan,Ceramică Sinterizată,Alb Pur & Cristal,Mobilier scandinav de lux cu riflaje fine din lemn masiv și blat antibacterian,soapstone-dark-ceramica-atlas-plan_0.webp,top-blat-assets/luxury/products/soapstone-dark-ceramica-atlas-plan_luxury.webp,top-blat-assets/luxury/cards/soapstone-dark-ceramica-atlas-plan_card.webp,https://top-blat.ro/produs/soapstone-dark-ceramica-atlas-plan/
negresco-ceramica-atlas-plan,Negresco Ceramica,Atlas Plan,Ceramică Sinterizată,Alb Pur & Cristal,Mobilier scandinav de lux cu riflaje fine din lemn masiv și blat antibacterian,negresco-ceramica-atlas-plan_0.webp,top-blat-assets/luxury/products/negresco-ceramica-atlas-plan_luxury.webp,top-blat-assets/luxury/cards/negresco-ceramica-atlas-plan_card.webp,https://top-blat.ro/produs/negresco-ceramica-atlas-plan/
blaze-iron-ceramic-atlas-plan,Blaze Iron Ceramic,Atlas Plan,Ceramică Sinterizată,Alb Pur & Cristal,Mobilier scandinav de lux cu riflaje fine din lemn masiv și blat antibacterian,blaze-iron-ceramic-atlas-plan_0.webp,top-blat-assets/luxury/products/blaze-iron-ceramic-atlas-plan_luxury.webp,top-blat-assets/luxury/cards/blaze-iron-ceramic-atlas-plan_card.webp,https://top-blat.ro/produs/blaze-iron-ceramic-atlas-plan/
black-lava-ceramica-atlas-plan,Black Lava Ceramica,Atlas Plan,Ceramică Sinterizată,Negru Obsidian & Grafit,Mobilier minimalist cu fronturi negre supermate și iluminare caldă LED integrată,black-lava-ceramica-atlas-plan_0.webp,top-blat-assets/luxury/products/black-lava-ceramica-atlas-plan_luxury.webp,top-blat-assets/luxury/cards/black-lava-ceramica-atlas-plan_card.webp,https://top-blat.ro/produs/black-lava-ceramica-atlas-plan/
absolute-black-ceramica-atlas-plan,Absolute Black Ceramica,Atlas Plan,Ceramică Sinterizată,Negru Obsidian & Grafit,Mobilier minimalist cu fronturi negre supermate și iluminare caldă LED integrată,absolute-black-ceramica-atlas-plan_0.webp,top-blat-assets/luxury/products/absolute-black-ceramica-atlas-plan_luxury.webp,top-blat-assets/luxury/cards/absolute-black-ceramica-atlas-plan_card.webp,https://top-blat.ro/produs/absolute-black-ceramica-atlas-plan/
absolute-white-ceramica-atlas-plan,Absolute White Ceramica,Atlas Plan,Ceramică Sinterizată,Alb Pur & Cristal,Mobilier scandinav de lux cu riflaje fine din lemn masiv și blat antibacterian,absolute-white-ceramica-atlas-plan_0.webp,top-blat-assets/luxury/products/absolute-white-ceramica-atlas-plan_luxury.webp,top-blat-assets/luxury/cards/absolute-white-ceramica-atlas-plan_card.webp,https://top-blat.ro/produs/absolute-white-ceramica-atlas-plan/
boost-tarmac-ceramica-atlas-plan,Boost Tarmac Ceramica,Atlas Plan,Ceramică Sinterizată,Alb Pur & Cristal,Mobilier scandinav de lux cu riflaje fine din lemn masiv și blat antibacterian,boost-tarmac-ceramica-atlas-plan_0.webp,top-blat-assets/luxury/products/boost-tarmac-ceramica-atlas-plan_luxury.webp,top-blat-assets/luxury/cards/boost-tarmac-ceramica-atlas-plan_card.webp,https://top-blat.ro/produs/boost-tarmac-ceramica-atlas-plan/
boost-smoke-ceramica-atlas-plan,Boost Smoke Ceramica,Atlas Plan,Ceramică Sinterizată,Alb Pur & Cristal,Mobilier scandinav de lux cu riflaje fine din lemn masiv și blat antibacterian,boost-smoke-ceramica-atlas-plan_0.webp,top-blat-assets/luxury/products/boost-smoke-ceramica-atlas-plan_luxury.webp,top-blat-assets/luxury/cards/boost-smoke-ceramica-atlas-plan_card.webp,https://top-blat.ro/produs/boost-smoke-ceramica-atlas-plan/
boost-grey-ceramica-atlas-plan,Boost Grey Ceramica,Atlas Plan,Ceramică Sinterizată,Gri Architectural & Beton,"Design industrial rafinat, cadre metalice bronz și vitrine fumurii",boost-grey-ceramica-atlas-plan_0.webp,top-blat-assets/luxury/products/boost-grey-ceramica-atlas-plan_luxury.webp,top-blat-assets/luxury/cards/boost-grey-ceramica-atlas-plan_card.webp,https://top-blat.ro/produs/boost-grey-ceramica-atlas-plan/
boost-natural-ecru-ceramica-atlas-plan,Boost Natural Ecru Ceramica,Atlas Plan,Ceramică Sinterizată,Alb Pur & Cristal,Mobilier scandinav de lux cu riflaje fine din lemn masiv și blat antibacterian,boost-natural-ecru-ceramica-atlas-plan_0.webp,top-blat-assets/luxury/products/boost-natural-ecru-ceramica-atlas-plan_luxury.webp,top-blat-assets/luxury/cards/boost-natural-ecru-ceramica-atlas-plan_card.webp,https://top-blat.ro/produs/boost-natural-ecru-ceramica-atlas-plan/
boost-natural-pro-sand-ceramica-atlas-plan,Boost Natural Pro Sand Ceramica,Atlas Plan,Ceramică Sinterizată,Bej Cald & Nisipiu,Mobilier clasic contemporan din stejar periat natur și canturi bizotate,boost-natural-pro-sand-ceramica-atlas-plan_0.webp,top-blat-assets/luxury/products/boost-natural-pro-sand-ceramica-atlas-plan_luxury.webp,top-blat-assets/luxury/cards/boost-natural-pro-sand-ceramica-atlas-plan_card.webp,https://top-blat.ro/produs/boost-natural-pro-sand-ceramica-atlas-plan/
boost-balance-ash-ceramica-atlas-plan,Boost Balance Ash Ceramica,Atlas Plan,Ceramică Sinterizată,Alb Pur & Cristal,Mobilier scandinav de lux cu riflaje fine din lemn masiv și blat antibacterian,boost-balance-ash-ceramica-atlas-plan_0.webp,top-blat-assets/luxury/products/boost-balance-ash-ceramica-atlas-plan_luxury.webp,top-blat-assets/luxury/cards/boost-balance-ash-ceramica-atlas-plan_card.webp,https://top-blat.ro/produs/boost-balance-ash-ceramica-atlas-plan/
boost-natural-kaolin-ceramica-atlas-plan,Boost Natural Kaolin Ceramica,Atlas Plan,Ceramică Sinterizată,Alb Pur & Cristal,Mobilier scandinav de lux cu riflaje fine din lemn masiv și blat antibacterian,boost-natural-kaolin-ceramica-atlas-plan_0.webp,top-blat-assets/luxury/products/boost-natural-kaolin-ceramica-atlas-plan_luxury.webp,top-blat-assets/luxury/cards/boost-natural-kaolin-ceramica-atlas-plan_card.webp,https://top-blat.ro/produs/boost-natural-kaolin-ceramica-atlas-plan/
boost-white-ceramica-atlas-plan,Boost White Ceramica,Atlas Plan,Ceramică Sinterizată,Alb Pur & Cristal,Mobilier scandinav de lux cu riflaje fine din lemn masiv și blat antibacterian,boost-white-ceramica-atlas-plan_0.webp,top-blat-assets/luxury/products/boost-white-ceramica-atlas-plan_luxury.webp,top-blat-assets/luxury/cards/boost-white-ceramica-atlas-plan_card.webp,https://top-blat.ro/produs/boost-white-ceramica-atlas-plan/
white-cloud-ceramic-atlas-plan,White Cloud Ceramic,Atlas Plan,Ceramică Sinterizată,Alb Pur & Cristal,Mobilier scandinav de lux cu riflaje fine din lemn masiv și blat antibacterian,white-cloud-ceramic-atlas-plan_0.webp,top-blat-assets/luxury/products/white-cloud-ceramic-atlas-plan_luxury.webp,top-blat-assets/luxury/cards/white-cloud-ceramic-atlas-plan_card.webp,https://top-blat.ro/produs/white-cloud-ceramic-atlas-plan/
basaltina-atlas-plan-placa-ceramica-pentru-interior,Basaltina Placa Ceramica Pentru Interior,Atlas Plan,Ceramică Sinterizată,Alb Pur & Cristal,Mobilier scandinav de lux cu riflaje fine din lemn masiv și blat antibacterian,basaltina-atlas-plan-placa-ceramica-pentru-interior_0.webp,top-blat-assets/luxury/products/basaltina-atlas-plan-placa-ceramica-pentru-interior_luxury.webp,top-blat-assets/luxury/cards/basaltina-atlas-plan-placa-ceramica-pentru-interior_card.webp,https://top-blat.ro/produs/basaltina-atlas-plan-placa-ceramica-pentru-interior/
